Country_Name,Category,Search_Velocity,Search_Acceleration,Media_Volume,tone_net_sentiment,tone_polarity,tone_activity_density,Source_Diversity,Inflation_Rate,Internet_Penetration,holiday_count,Search_Velocity_Lag1,Search_Velocity_Lag2
United_Arab_Emirates,Fashion_Beauty,-3.3599999999999994,-6.349999999999994,170.0,2.13,6.66,20.61,134.0,1.250865245598,100.0,1,2.989999999999995,-1.5699999999999932
United_Arab_Emirates,Fashion_Beauty,-0.2600000000000051,3.0999999999999943,136.0,0.41,7.02,21.02,92.0,1.250865245598,100.0,0,-3.3599999999999994,2.989999999999995
United_Arab_Emirates,Fashion_Beauty,3.820000000000008,4.0800000000000125,141.0,-0.8,7.72,20.25,103.0,1.250865245598,100.0,0,-0.2600000000000051,-3.3599999999999994
United_Arab_Emirates,Fashion_Beauty,-3.680000000000007,-7.500000000000014,17.0,3.42,6.5,18.26,14.0,1.250865245598,100.0,0,3.820000000000008,-0.2600000000000051
United_Arab_Emirates,Fitness_Wearables,-5.260000000000005,-4.3300000000000125,3.0,-4.3,7.3,20.75,3.0,1.250865245598,100.0,0,-0.9299999999999926,-2.769999999999996
United_Arab_Emirates,Fitness_Wearables,15.150000000000006,20.41000000000001,2.0,5.15,8.86,21.35,2.0,1.250865245598,100.0,0,-5.260000000000005,-0.9299999999999926
United_Arab_Emirates,Nutrition_Diets,-4.950000000000003,-5.780000000000001,430.0,-0.7,8.12,21.1,255.0,1.250865245598,100.0,1,0.8299999999999983,-5.22999999999999
United_Arab_Emirates,Nutrition_Diets,-1.3699999999999974,3.5800000000000054,392.0,0.18,7.77,21.31,212.0,1.250865245598,100.0,0,-4.950000000000003,0.8299999999999983
United_Arab_Emirates,Nutrition_Diets,11.800000000000004,13.170000000000002,510.0,-0.63,7.84,20.21,287.0,1.250865245598,100.0,0,-1.3699999999999974,-4.950000000000003
United_Arab_Emirates,Nutrition_Diets,-5.150000000000006,-16.95000000000001,41.0,-0.83,8.19,21.26,34.0,1.250865245598,100.0,0,11.800000000000004,-1.3699999999999974
Australia,Fashion_Beauty,-2.480000000000004,-0.3700000000000045,329.0,0.3,6.25,22.0,238.0,2.87403791660173,96.13140106,0,-2.1099999999999994,4.469999999999999
Australia,Fashion_Beauty,4.180000000000007,6.660000000000011,380.0,-0.1,6.04,21.33,239.0,2.87403791660173,96.13140106,0,-2.480000000000004,-2.1099999999999994
Australia,Fashion_Beauty,-0.9099999999999966,-5.090000000000003,424.0,0.42,5.95,21.44,271.0,2.87403791660173,96.13140106,0,4.180000000000007,-2.480000000000004
Australia,Fashion_Beauty,-3.8000000000000114,-2.890000000000015,104.0,0.66,5.73,22.45,90.0,2.87403791660173,96.13140106,0,-0.9099999999999966,4.180000000000007
Australia,Fitness_Wearables,-0.8900000000000006,-2.230000000000004,3.0,2.86,6.64,23.0,3.0,2.87403791660173,96.13140106,0,1.3400000000000034,2.259999999999991
Australia,Fitness_Wearables,-1.75,-0.8599999999999994,7.0,2.06,5.68,25.54,6.0,2.87403791660173,96.13140106,0,-0.8900000000000006,1.3400000000000034
Australia,Nutrition_Diets,1.1700000000000017,0.6400000000000006,1903.0,-1.5,7.58,23.18,625.0,2.87403791660173,96.13140106,0,0.5300000000000011,0.0600000000000022
Australia,Nutrition_Diets,-2.4099999999999966,-3.5799999999999983,1784.0,-1.78,7.73,23.18,602.0,2.87403791660173,96.13140106,0,1.1700000000000017,0.5300000000000011
Australia,Nutrition_Diets,-3.719999999999999,-1.3100000000000025,2048.0,-1.2,7.57,22.75,709.0,2.87403791660173,96.13140106,0,-2.4099999999999966,1.1700000000000017
Australia,Nutrition_Diets,-2.1099999999999994,1.6099999999999994,142.0,-1.65,7.23,23.01,94.0,2.87403791660173,96.13140106,0,-3.719999999999999,-2.4099999999999966
Brazil,Fashion_Beauty,0.25,0.490000000000002,974.0,0.09,5.78,22.67,346.0,5.01675279604836,84.46347227,0,-0.240000000000002,-2.469999999999999
Brazil,Fashion_Beauty,0.3900000000000005,0.1400000000000005,924.0,0.23,5.78,22.66,287.0,5.01675279604836,84.46347227,0,0.25,-0.240000000000002
Brazil,Fashion_Beauty,7.729999999999997,7.339999999999996,1012.0,-0.23,6.07,23.06,326.0,5.01675279604836,84.46347227,1,0.3900000000000005,0.25
Brazil,Fashion_Beauty,-8.479999999999997,-16.209999999999994,86.0,0.27,6.01,23.36,48.0,5.01675279604836,84.46347227,0,7.729999999999997,0.3900000000000005
Brazil,Fitness_Wearables,-10.110000000000014,-11.810000000000016,15.0,-0.15,6.37,21.8,15.0,5.01675279604836,84.46347227,0,1.7000000000000028,-7.299999999999997
Brazil,Fitness_Wearables,-1.3499999999999943,8.76000000000002,15.0,-3.02,6.77,18.86,13.0,5.01675279604836,84.46347227,0,-10.110000000000014,1.7000000000000028
Brazil,Fitness_Wearables,22.370000000000005,23.72,9.0,-0.71,6.52,20.57,9.0,5.01675279604836,84.46347227,1,-1.3499999999999943,-10.110000000000014
Brazil,Nutrition_Diets,-11.920000000000002,-16.92,5908.0,-1.62,7.19,23.67,879.0,5.01675279604836,84.46347227,0,5.0,-9.15
Brazil,Nutrition_Diets,1.3300000000000054,13.250000000000009,5532.0,-1.23,7.1,23.77,789.0,5.01675279604836,84.46347227,0,-11.920000000000002,5.0
Brazil,Nutrition_Diets,30.559999999999995,29.22999999999999,4791.0,-1.49,7.25,23.84,758.0,5.01675279604836,84.46347227,1,1.3300000000000054,-11.920000000000002
Brazil,Nutrition_Diets,-20.07,-50.63,487.0,-1.2,6.99,24.14,196.0,5.01675279604836,84.46347227,0,30.559999999999995,1.3300000000000054
Canada,Fashion_Beauty,-1.6599999999999966,-6.179999999999993,572.0,-0.54,6.39,21.9,366.0,2.07232411149103,94.353302,0,4.519999999999996,1.8800000000000023
Canada,Fashion_Beauty,3.799999999999997,5.459999999999994,642.0,-0.07,6.21,21.87,361.0,2.07232411149103,94.353302,0,-1.6599999999999966,4.519999999999996
Canada,Fashion_Beauty,-0.1700000000000017,-3.969999999999999,708.0,0.28,6.34,21.99,394.0,2.07232411149103,94.353302,1,3.799999999999997,-1.6599999999999966
Canada,Fashion_Beauty,-0.7999999999999972,-0.6299999999999955,38.0,-0.93,6.81,22.66,34.0,2.07232411149103,94.353302,0,-0.1700000000000017,3.799999999999997
Canada,Fitness_Wearables,-3.25,-4.420000000000002,8.0,0.78,4.53,24.51,8.0,2.07232411149103,94.353302,0,1.1700000000000017,-0.4399999999999977
Canada,Fitness_Wearables,2.5,5.75,9.0,1.96,6.78,20.35,9.0,2.07232411149103,94.353302,0,-3.25,1.1700000000000017
Canada,Fitness_Wearables,0.0799999999999983,-2.4200000000000017,4.0,0.18,6.39,21.92,4.0,2.07232411149103,94.353302,1,2.5,-3.25
Canada,Nutrition_Diets,-1.2600000000000051,-3.180000000000007,4443.0,-0.77,7.01,23.12,1093.0,2.07232411149103,94.353302,0,1.9200000000000017,-3.269999999999996
Canada,Nutrition_Diets,3.910000000000011,5.170000000000016,5112.0,-1.31,7.28,22.97,1290.0,2.07232411149103,94.353302,0,-1.2600000000000051,1.9200000000000017
Canada,Nutrition_Diets,4.859999999999999,0.9499999999999886,5083.0,-0.94,7.04,22.85,1240.0,2.07232411149103,94.353302,1,3.910000000000011,-1.2600000000000051
Canada,Nutrition_Diets,-4.730000000000004,-9.590000000000003,308.0,-0.82,7.13,23.06,205.0,2.07232411149103,94.353302,0,4.859999999999999,3.910000000000011
China,Fashion_Beauty,-0.370000000000001,-1.8600000000000008,2342.0,-0.01,7.59,25.9,653.0,0.0595646916565403,91.6,0,1.4900000000000002,-1.8599999999999997
China,Fashion_Beauty,1.1900000000000013,1.5600000000000025,2263.0,-0.1,7.89,25.36,857.0,0.0595646916565403,91.6,0,-0.370000000000001,1.4900000000000002
China,Fashion_Beauty,0.8200000000000003,-0.370000000000001,2376.0,0.12,7.42,25.48,945.0,0.0595646916565403,91.6,0,1.1900000000000013,-0.370000000000001
China,Fashion_Beauty,17.19,16.37,141.0,1.42,7.52,25.96,73.0,0.0595646916565403,91.6,0,0.8200000000000003,1.1900000000000013
China,Fitness_Wearables,1.6099999999999994,1.1999999999999993,25.0,1.32,7.08,24.91,19.0,0.0595646916565403,91.6,0,0.4100000000000001,-1.150000000000002
China,Fitness_Wearables,5.399999999999999,3.789999999999999,23.0,2.1,6.62,23.93,18.0,0.0595646916565403,91.6,0,1.6099999999999994,0.4100000000000001
China,Fitness_Wearables,-1.0399999999999991,-6.439999999999998,39.0,2.05,8.03,26.04,22.0,0.0595646916565403,91.6,0,5.399999999999999,1.6099999999999994
China,Fitness_Wearables,29.5,30.54,1.0,-3.54,11.16,19.78,1.0,0.0595646916565403,91.6,0,-1.0399999999999991,5.399999999999999
China,Nutrition_Diets,0.7599999999999998,1.6399999999999997,22082.0,0.08,8.12,27.06,2089.0,0.0595646916565403,91.6,0,-0.8799999999999999,0.5800000000000001
China,Nutrition_Diets,6.74,5.98,18477.0,0.11,8.22,26.72,2134.0,0.0595646916565403,91.6,0,0.7599999999999998,-0.8799999999999999
China,Nutrition_Diets,-4.379999999999999,-11.12,18450.0,0.23,8.06,26.67,2180.0,0.0595646916565403,91.6,0,6.74,0.7599999999999998
China,Nutrition_Diets,27.09,31.469999999999995,1496.0,0.04,8.2,26.93,439.0,0.0595646916565403,91.6,0,-4.379999999999999,6.74
France,Fashion_Beauty,1.8699999999999972,-1.7300000000000004,2574.0,-0.46,6.31,20.9,1132.0,0.943770212469976,88.65381638,0,3.599999999999998,-0.4899999999999984
France,Fashion_Beauty,2.0500000000000043,0.1800000000000068,3317.0,-0.41,6.37,20.94,1590.0,0.943770212469976,88.65381638,0,1.8699999999999972,3.599999999999998
France,Fashion_Beauty,3.0799999999999983,1.029999999999994,3330.0,-0.38,6.59,20.78,1438.0,0.943770212469976,88.65381638,0,2.0500000000000043,1.8699999999999972
France,Fashion_Beauty,-6.159999999999997,-9.239999999999997,367.0,0.16,6.64,20.88,275.0,0.943770212469976,88.65381638,0,3.0799999999999983,2.0500000000000043
France,Fitness_Wearables,6.11999999999999,2.1899999999999835,23.0,-0.03,6.82,19.94,19.0,0.943770212469976,88.65381638,0,3.930000000000007,3.1499999999999986
France,Fitness_Wearables,-1.9500000000000028,-8.069999999999993,26.0,0.49,5.67,20.63,22.0,0.943770212469976,88.65381638,0,6.11999999999999,3.930000000000007
France,Fitness_Wearables,9.700000000000005,11.650000000000006,34.0,-0.99,6.64,20.53,28.0,0.943770212469976,88.65381638,0,-1.9500000000000028,6.11999999999999
France,Fitness_Wearables,-2.019999999999996,-11.72,10.0,-0.6,5.66,21.77,7.0,0.943770212469976,88.65381638,0,9.700000000000005,-1.9500000000000028
France,Nutrition_Diets,-0.5700000000000003,-1.720000000000006,9243.0,-1.66,7.45,21.88,2617.0,0.943770212469976,88.65381638,0,1.1500000000000057,-4.350000000000001
France,Nutrition_Diets,-1.1400000000000006,-0.5700000000000003,8985.0,-1.44,7.37,21.58,2494.0,0.943770212469976,88.65381638,0,-0.5700000000000003,1.1500000000000057
France,Nutrition_Diets,5.549999999999997,6.689999999999998,11130.0,-1.55,7.49,21.71,2808.0,0.943770212469976,88.65381638,0,-1.1400000000000006,-0.5700000000000003
France,Nutrition_Diets,-5.109999999999999,-10.659999999999997,1455.0,-0.64,7.2,21.7,924.0,0.943770212469976,88.65381638,0,5.549999999999997,-1.1400000000000006
United_Kingdom,Fashion_Beauty,-1.0500000000000045,-0.4100000000000037,9.0,-0.14,6.84,18.59,4.0,3.88306881626,95.4720993,0,-0.6400000000000006,-0.759999999999998
United_Kingdom,Fashion_Beauty,5.790000000000006,6.8400000000000105,12.0,-0.63,5.23,17.94,8.0,3.88306881626,95.4720993,0,-1.0500000000000045,-0.6400000000000006
United_Kingdom,Fashion_Beauty,7.799999999999997,2.009999999999991,7.0,0.82,5.54,18.8,6.0,3.88306881626,95.4720993,0,5.790000000000006,-1.0500000000000045
United_Kingdom,Nutrition_Diets,-2.700000000000003,3.779999999999987,39.0,-0.31,7.55,20.4,14.0,3.88306881626,95.4720993,0,-6.47999999999999,0.7800000000000011
United_Kingdom,Nutrition_Diets,6.959999999999994,9.659999999999997,54.0,-0.93,7.75,19.71,23.0,3.88306881626,95.4720993,0,-2.700000000000003,-6.47999999999999
United_Kingdom,Nutrition_Diets,7.140000000000001,0.1800000000000068,35.0,-0.48,6.76,19.59,14.0,3.88306881626,95.4720993,0,6.959999999999994,-2.700000000000003
United_Kingdom,Nutrition_Diets,-15.310000000000002,-22.450000000000003,5.0,-0.52,6.73,20.08,3.0,3.88306881626,95.4720993,0,7.140000000000001,6.959999999999994
India,Fashion_Beauty,-1.3599999999999994,-2.789999999999999,2120.0,-0.87,7.12,21.76,389.0,2.39884954182294,70.0,1,1.4299999999999995,0.2999999999999971
India,Fashion_Beauty,1.740000000000002,3.1000000000000014,2520.0,-0.86,7.08,21.83,567.0,2.39884954182294,70.0,1,-1.3599999999999994,1.4299999999999995
India,Fashion_Beauty,9.879999999999995,8.139999999999993,2768.0,-0.35,7.03,21.59,461.0,2.39884954182294,70.0,0,1.740000000000002,-1.3599999999999994
India,Fashion_Beauty,-5.069999999999993,-14.949999999999989,193.0,-0.91,7.34,21.31,110.0,2.39884954182294,70.0,0,9.879999999999995,1.740000000000002
India,Fitness_Wearables,-7.140000000000001,-6.540000000000006,74.0,-2.49,10.47,20.64,71.0,2.39884954182294,70.0,1,-0.5999999999999943,-1.7800000000000011
India,Fitness_Wearables,1.4000000000000057,8.540000000000006,30.0,1.12,6.49,20.44,23.0,2.39884954182294,70.0,1,-7.140000000000001,-0.5999999999999943
India,Fitness_Wearables,15.0,13.599999999999994,18.0,1.1,6.96,19.96,16.0,2.39884954182294,70.0,0,1.4000000000000057,-7.140000000000001
India,Fitness_Wearables,-5.160000000000011,-20.16000000000001,3.0,1.03,8.23,19.58,3.0,2.39884954182294,70.0,0,15.0,1.4000000000000057
India,Nutrition_Diets,-9.259999999999993,-10.11999999999999,13537.0,-1.74,8.05,22.83,1624.0,2.39884954182294,70.0,1,0.8599999999999994,0.4399999999999977
India,Nutrition_Diets,-0.9000000000000057,8.359999999999985,13305.0,-1.62,7.91,22.7,1551.0,2.39884954182294,70.0,1,-9.259999999999993,0.8599999999999994
India,Nutrition_Diets,24.680000000000007,25.580000000000013,14202.0,-1.35,7.74,22.18,1500.0,2.39884954182294,70.0,0,-0.9000000000000057,-9.259999999999993
India,Nutrition_Diets,-12.490000000000007,-37.170000000000016,1675.0,-1.11,8.25,21.8,506.0,2.39884954182294,70.0,0,24.680000000000007,-0.9000000000000057
Kenya,Fashion_Beauty,6.390000000000001,14.25,168.0,-0.57,8.31,20.83,41.0,4.06912878540729,34.97622513,0,-7.859999999999999,2.6199999999999903
Kenya,Fashion_Beauty,5.379999999999996,-1.0100000000000051,170.0,-2.02,8.44,21.14,49.0,4.06912878540729,34.97622513,0,6.390000000000001,-7.859999999999999
Kenya,Fashion_Beauty,-7.4199999999999875,-12.799999999999985,140.0,-0.98,7.14,20.57,63.0,4.06912878540729,34.97622513,0,5.379999999999996,6.390000000000001
Kenya,Fashion_Beauty,33.33,40.74999999999999,9.0,-0.4,6.06,20.38,9.0,4.06912878540729,34.97622513,0,-7.4199999999999875,5.379999999999996
Kenya,Fitness_Wearables,0.8200000000000074,6.260000000000005,11.0,0.32,6.11,20.57,6.0,4.06912878540729,34.97622513,0,-5.439999999999998,7.339999999999989
Kenya,Fitness_Wearables,-11.180000000000009,-12.000000000000014,15.0,-0.69,7.01,20.52,4.0,4.06912878540729,34.97622513,0,0.8200000000000074,-5.439999999999998
Kenya,Fitness_Wearables,8.930000000000007,20.110000000000014,6.0,-0.34,5.92,19.13,5.0,4.06912878540729,34.97622513,0,-11.180000000000009,0.8200000000000074
Kenya,Fitness_Wearables,31.94999999999999,23.019999999999985,1.0,-1.27,9.87,17.72,1.0,4.06912878540729,34.97622513,0,8.930000000000007,-11.180000000000009
Kenya,Nutrition_Diets,6.840000000000003,11.030000000000008,525.0,-1.2,8.21,21.4,249.0,4.06912878540729,34.97622513,0,-4.190000000000005,1.7600000000000051
Kenya,Nutrition_Diets,-7.649999999999999,-14.490000000000002,462.0,-1.21,8.56,21.01,170.0,4.06912878540729,34.97622513,0,6.840000000000003,-4.190000000000005
Kenya,Nutrition_Diets,5.849999999999994,13.499999999999991,511.0,-0.94,8.16,21.14,197.0,4.06912878540729,34.97622513,0,-7.649999999999999,6.840000000000003
Kenya,Nutrition_Diets,15.290000000000006,9.440000000000012,49.0,0.17,8.38,20.71,24.0,4.06912878540729,34.97622513,0,5.849999999999994,-7.649999999999999
Mexico,Fashion_Beauty,-5.710000000000001,-8.350000000000001,1081.0,0.29,5.99,20.39,446.0,3.80668650726485,83.12233799,0,2.640000000000001,-5.090000000000003
Mexico,Fashion_Beauty,-4.170000000000002,1.5399999999999991,1276.0,0.25,5.9,19.97,411.0,3.80668650726485,83.12233799,0,-5.710000000000001,2.640000000000001
Mexico,Fashion_Beauty,-0.1299999999999954,4.040000000000006,1145.0,0.0,5.98,19.97,382.0,3.80668650726485,83.12233799,0,-4.170000000000002,-5.710000000000001
Mexico,Fashion_Beauty,6.18,6.309999999999995,99.0,0.12,5.92,19.56,73.0,3.80668650726485,83.12233799,1,-0.1299999999999954,-4.170000000000002
Mexico,Fitness_Wearables,-6.420000000000002,-5.659999999999997,3.0,-1.54,8.18,19.84,3.0,3.80668650726485,83.12233799,0,-0.7600000000000051,-4.030000000000001
Mexico,Fitness_Wearables,-2.9099999999999966,3.510000000000005,4.0,0.43,6.05,22.86,3.0,3.80668650726485,83.12233799,0,-6.420000000000002,-0.7600000000000051
Mexico,Fitness_Wearables,6.549999999999997,9.459999999999994,5.0,1.0,4.85,17.84,5.0,3.80668650726485,83.12233799,0,-2.9099999999999966,-6.420000000000002
Mexico,Fitness_Wearables,-3.5799999999999983,-10.129999999999995,2.0,2.39,6.85,20.94,2.0,3.80668650726485,83.12233799,1,6.549999999999997,-2.9099999999999966
Mexico,Nutrition_Diets,-6.130000000000003,-2.950000000000003,4828.0,-1.52,7.25,20.65,757.0,3.80668650726485,83.12233799,0,-3.18,-4.759999999999998
Mexico,Nutrition_Diets,-1.129999999999999,5.000000000000004,5295.0,-1.59,7.23,20.43,862.0,3.80668650726485,83.12233799,0,-6.130000000000003,-3.18
Mexico,Nutrition_Diets,8.249999999999996,9.379999999999995,5237.0,-1.63,7.41,20.43,792.0,3.80668650726485,83.12233799,0,-1.129999999999999,-6.130000000000003
Mexico,Nutrition_Diets,-4.529999999999998,-12.779999999999994,508.0,-1.46,7.26,20.25,214.0,3.80668650726485,83.12233799,1,8.249999999999996,-1.129999999999999
Nigeria,Fashion_Beauty,-2.6000000000000085,-5.460000000000008,28.0,-1.21,6.85,19.79,21.0,23.0101235833333,41.21139908,1,2.8599999999999994,-1.9899999999999949
Nigeria,Fashion_Beauty,3.390000000000001,5.990000000000009,22.0,-0.44,8.08,19.35,13.0,23.0101235833333,41.21139908,0,-2.6000000000000085,2.8599999999999994
Nigeria,Fashion_Beauty,1.7999999999999972,-1.5900000000000034,81.0,-2.52,9.33,15.06,19.0,23.0101235833333,41.21139908,0,3.390000000000001,-2.6000000000000085
Nigeria,Fashion_Beauty,-2.640000000000001,-4.439999999999998,1.0,0.94,4.93,14.55,1.0,23.0101235833333,41.21139908,0,1.7999999999999972,3.390000000000001
Nigeria,Fitness_Wearables,-3.530000000000001,1.3399999999999892,4.0,-2.72,7.28,21.62,4.0,23.0101235833333,41.21139908,1,-4.86999999999999,-7.900000000000006
Nigeria,Fitness_Wearables,-0.4699999999999988,3.0600000000000023,5.0,0.37,8.44,18.01,4.0,23.0101235833333,41.21139908,0,-3.530000000000001,-4.86999999999999
Nigeria,Fitness_Wearables,0.2399999999999948,0.7099999999999937,7.0,-0.8,7.4,19.1,7.0,23.0101235833333,41.21139908,0,-0.4699999999999988,-3.530000000000001
Nigeria,Nutrition_Diets,3.029999999999994,5.819999999999993,167.0,-2.63,8.32,19.97,97.0,23.0101235833333,41.21139908,1,-2.789999999999999,0.490000000000002
Nigeria,Nutrition_Diets,-1.1099999999999994,-4.1399999999999935,128.0,-1.49,8.34,19.84,76.0,23.0101235833333,41.21139908,0,3.029999999999994,-2.789999999999999
Nigeria,Nutrition_Diets,-3.619999999999997,-2.509999999999998,116.0,-0.98,7.42,19.64,69.0,23.0101235833333,41.21139908,0,-1.1099999999999994,3.029999999999994
Nigeria,Nutrition_Diets,7.479999999999997,11.099999999999994,6.0,-1.66,6.56,22.19,6.0,23.0101235833333,41.21139908,0,-3.619999999999997,-1.1099999999999994
Singapore,Fashion_Beauty,-1.7800000000000011,-10.390000000000008,96.0,-1.63,7.37,20.35,45.0,0.902998495002676,94.37757178,0,8.610000000000007,0.2899999999999991
Singapore,Fashion_Beauty,-1.2899999999999991,0.490000000000002,156.0,-2.07,7.31,20.4,92.0,0.902998495002676,94.37757178,0,-1.7800000000000011,8.610000000000007
Singapore,Fashion_Beauty,-4.800000000000004,-3.510000000000005,113.0,-1.5,6.46,19.62,54.0,0.902998495002676,94.37757178,0,-1.2899999999999991,-1.7800000000000011
Singapore,Fashion_Beauty,4.920000000000002,9.720000000000006,9.0,-0.68,5.6,18.37,8.0,0.902998495002676,94.37757178,0,-4.800000000000004,-1.2899999999999991
Singapore,Fitness_Wearables,-0.3199999999999932,6.450000000000017,2.0,-0.54,6.08,19.72,2.0,0.902998495002676,94.37757178,0,-6.77000000000001,17.77000000000001
Singapore,Fitness_Wearables,-10.38000000000001,-10.060000000000016,3.0,0.03,3.81,19.58,3.0,0.902998495002676,94.37757178,0,-0.3199999999999932,-6.77000000000001
Singapore,Nutrition_Diets,-1.480000000000004,2.979999999999997,284.0,-1.16,7.75,20.27,120.0,0.902998495002676,94.37757178,0,-4.460000000000001,-3.9199999999999946
Singapore,Nutrition_Diets,3.8800000000000026,5.360000000000007,362.0,-1.93,7.84,20.43,88.0,0.902998495002676,94.37757178,0,-1.480000000000004,-4.460000000000001
Singapore,Nutrition_Diets,8.560000000000002,4.68,348.0,-2.06,7.68,20.64,101.0,0.902998495002676,94.37757178,0,3.8800000000000026,-1.480000000000004
Singapore,Nutrition_Diets,-2.410000000000004,-10.970000000000006,45.0,-1.75,6.98,22.09,17.0,0.902998495002676,94.37757178,0,8.560000000000002,3.8800000000000026
United_States,Fashion_Beauty,-0.0900000000000034,2.059999999999995,12726.0,-1.07,6.93,21.77,3917.0,2.94952520485207,94.69380188,0,-2.1499999999999986,0.1600000000000037
United_States,Fashion_Beauty,1.6199999999999974,1.7100000000000009,15360.0,-1.48,7.08,21.47,3996.0,2.94952520485207,94.69380188,0,-0.0900000000000034,-2.1499999999999986
United_States,Fashion_Beauty,1.0399999999999991,-0.5799999999999983,13781.0,-1.13,6.86,21.61,4005.0,2.94952520485207,94.69380188,1,1.6199999999999974,-0.0900000000000034
United_States,Fashion_Beauty,-2.779999999999994,-3.819999999999993,1105.0,-0.82,6.74,21.69,732.0,2.94952520485207,94.69380188,0,1.0399999999999991,1.6199999999999974
United_States,Fitness_Wearables,-2.5899999999999963,-1.269999999999996,444.0,-1.11,6.72,20.71,315.0,2.94952520485207,94.69380188,0,-1.3200000000000005,-2.18
United_States,Fitness_Wearables,0.4099999999999966,2.999999999999993,480.0,-4.52,9.78,20.8,311.0,2.94952520485207,94.69380188,0,-2.5899999999999963,-1.3200000000000005
United_States,Fitness_Wearables,0.0600000000000022,-0.3499999999999943,344.0,-0.65,6.04,21.99,274.0,2.94952520485207,94.69380188,1,0.4099999999999966,-2.5899999999999963
United_States,Fitness_Wearables,1.1700000000000017,1.1099999999999994,37.0,-2.55,7.9,17.59,36.0,2.94952520485207,94.69380188,0,0.0600000000000022,0.4099999999999966
United_States,Nutrition_Diets,-1.2000000000000028,-0.0700000000000002,92616.0,-1.44,7.6,22.21,7760.0,2.94952520485207,94.69380188,0,-1.1300000000000026,-3.5700000000000003
United_States,Nutrition_Diets,1.6200000000000043,2.8200000000000074,85072.0,-1.79,7.55,22.51,7632.0,2.94952520485207,94.69380188,0,-1.2000000000000028,-1.1300000000000026
United_States,Nutrition_Diets,0.3399999999999963,-1.2800000000000082,75697.0,-1.74,7.43,22.25,7588.0,2.94952520485207,94.69380188,1,1.6200000000000043,-1.2000000000000028
United_States,Nutrition_Diets,-2.8299999999999983,-3.1699999999999946,6373.0,-1.55,7.4,22.33,2558.0,2.94952520485207,94.69380188,0,0.3399999999999963,1.6200000000000043
South_Africa,Fashion_Beauty,-4.730000000000004,-15.230000000000004,61.0,-0.71,8.31,21.81,44.0,3.20550474112603,78.35759735,0,10.5,-3.820000000000008
South_Africa,Fashion_Beauty,-4.269999999999996,0.4600000000000079,44.0,-1.0,8.57,21.82,31.0,3.20550474112603,78.35759735,0,-4.730000000000004,10.5
South_Africa,Fashion_Beauty,3.710000000000008,7.980000000000004,24.0,0.09,7.53,25.01,19.0,3.20550474112603,78.35759735,0,-4.269999999999996,-4.730000000000004
South_Africa,Fashion_Beauty,-1.6600000000000108,-5.370000000000019,1.0,3.68,6.13,32.62,1.0,3.20550474112603,78.35759735,0,3.710000000000008,-4.269999999999996
South_Africa,Fitness_Wearables,-2.469999999999999,-3.3699999999999903,31.0,-7.0,10.55,21.02,31.0,3.20550474112603,78.35759735,0,0.8999999999999915,0.2800000000000011
South_Africa,Fitness_Wearables,-1.5899999999999892,0.8800000000000097,112.0,-5.03,10.92,20.87,91.0,3.20550474112603,78.35759735,0,-2.469999999999999,0.8999999999999915
South_Africa,Nutrition_Diets,2.1300000000000026,1.8800000000000023,243.0,-0.17,8.27,25.29,112.0,3.20550474112603,78.35759735,0,0.25,-1.6700000000000017
South_Africa,Nutrition_Diets,0.6499999999999986,-1.480000000000004,260.0,-0.09,8.38,25.6,118.0,3.20550474112603,78.35759735,0,2.1300000000000026,0.25
South_Africa,Nutrition_Diets,1.1700000000000017,0.5200000000000031,270.0,-0.16,7.92,25.39,127.0,3.20550474112603,78.35759735,0,0.6499999999999986,2.1300000000000026
South_Africa,Nutrition_Diets,-1.3900000000000006,-2.5600000000000023,23.0,-0.2,8.98,26.07,16.0,3.20550474112603,78.35759735,0,1.1700000000000017,0.6499999999999986
United_Kingdom,Fashion_Beauty,-13.75,-21.55,0.0,-0.2,8.98,26.07,0.0,3.88306881626,95.4720993,0,7.799999999999997,5.790000000000006
Australia,Fitness_Wearables,1.3400000000000034,-0.9199999999999876,0.0,-0.2,8.98,26.07,0.0,2.87403791660173,96.13140106,0,2.259999999999991,-1.1199999999999903
Singapore,Fitness_Wearables,-6.77000000000001,-24.54000000000002,0.0,-0.2,8.98,26.07,0.0,0.902998495002676,94.37757178,0,17.77000000000001,5.319999999999993
United_Arab_Emirates,Fitness_Wearables,-0.9299999999999926,1.8400000000000036,0.0,-0.2,8.98,26.07,0.0,1.250865245598,100.0,1,-2.769999999999996,1.1999999999999886
United_Kingdom,Fitness_Wearables,-1.4500000000000028,1.0100000000000051,0.0,-0.2,8.98,26.07,0.0,3.88306881626,95.4720993,0,-2.460000000000008,0.9100000000000108
United_Kingdom,Fitness_Wearables,2.960000000000008,4.410000000000011,0.0,-0.2,8.98,26.07,0.0,3.88306881626,95.4720993,0,-1.4500000000000028,-2.460000000000008
South_Africa,Fitness_Wearables,4.269999999999996,5.859999999999985,0.0,-0.2,8.98,26.07,0.0,3.20550474112603,78.35759735,0,-1.5899999999999892,-2.469999999999999
United_Kingdom,Fitness_Wearables,6.579999999999998,3.6199999999999903,0.0,-0.2,8.98,26.07,0.0,3.88306881626,95.4720993,0,2.960000000000008,-1.4500000000000028
Australia,Fitness_Wearables,-0.5300000000000011,1.2199999999999989,0.0,-0.2,8.98,26.07,0.0,2.87403791660173,96.13140106,0,-1.75,-0.8900000000000006
Brazil,Fitness_Wearables,-15.299999999999995,-37.67,0.0,-0.2,8.98,26.07,0.0,5.01675279604836,84.46347227,0,22.370000000000005,-1.3499999999999943
Canada,Fitness_Wearables,4.469999999999999,4.390000000000001,0.0,-0.2,8.98,26.07,0.0,2.07232411149103,94.353302,0,0.0799999999999983,2.5
Nigeria,Fitness_Wearables,13.700000000000005,13.460000000000008,0.0,-0.2,8.98,26.07,0.0,23.0101235833333,41.21139908,0,0.2399999999999948,-0.4699999999999988
Singapore,Fitness_Wearables,18.070000000000007,28.450000000000017,0.0,-0.2,8.98,26.07,0.0,0.902998495002676,94.37757178,0,-10.38000000000001,-0.3199999999999932
South_Africa,Fitness_Wearables,2.039999999999992,-2.230000000000004,0.0,-0.2,8.98,26.07,0.0,3.20550474112603,78.35759735,0,4.269999999999996,-1.5899999999999892
United_Arab_Emirates,Fitness_Wearables,-3.1000000000000085,-18.25000000000001,0.0,-0.2,8.98,26.07,0.0,1.250865245598,100.0,0,15.150000000000006,-5.260000000000005
United_Kingdom,Fitness_Wearables,-9.180000000000009,-15.760000000000003,0.0,-0.2,8.98,26.07,0.0,3.88306881626,95.4720993,0,6.579999999999998,2.960000000000008
