Week_Start,Country_Name,Category,Search_Interest,Search_Velocity,Search_Acceleration,Search_Interest_lag_1,Search_Interest_lag_2,Search_Interest_lag_4,Search_Velocity_lag,Search_Velocity_Lag1,Search_Velocity_Lag2,Search_Acceleration_lag,Search_Interest_roll_mean_4w,Search_Interest_roll_std_4w,Media_Volume,tone_net_sentiment,tone_positive_score,tone_negative_score,tone_polarity,tone_activity_density,tone_self_group_density,Source_Diversity,Media_Volume_roll_mean_4w,holiday_count,is_holiday,GDP_Per_Capita,Inflation_Rate,Internet_Penetration
2026-08-23,United_Arab_Emirates,Fashion_Beauty,68.56,-3.3599999999999994,-6.349999999999994,71.92,68.93,68.8,2.989999999999995,2.989999999999995,-1.5699999999999932,4.559999999999988,70.03750000000001,1.4737339199014716,170.0,2.13,4.39,2.27,6.66,20.61,0.62,134.0,0.0,1,1,50273.5126243239,1.250865245598,100.0
2026-08-30,United_Arab_Emirates,Fashion_Beauty,68.3,-0.2600000000000051,3.0999999999999943,68.56,71.92,70.5,-3.3599999999999994,-3.3599999999999994,2.989999999999995,-6.349999999999994,69.9775,1.5441151727342626,136.0,0.41,3.71,3.31,7.02,21.02,0.53,92.0,170.0,0,0,50273.5126243239,1.250865245598,100.0
2026-09-06,United_Arab_Emirates,Fashion_Beauty,72.12,3.820000000000008,4.0800000000000125,68.3,68.56,68.93,-0.2600000000000051,-0.2600000000000051,-3.3599999999999994,3.0999999999999943,69.42750000000001,1.681653452211499,141.0,-0.8,3.46,4.26,7.72,20.25,0.43,103.0,153.0,0,0,50273.5126243239,1.250865245598,100.0
2026-09-13,United_Arab_Emirates,Fashion_Beauty,68.44,-3.680000000000007,-7.500000000000014,72.12,68.3,71.92,3.820000000000008,3.820000000000008,-0.2600000000000051,4.0800000000000125,70.225,2.0770090675459687,17.0,3.42,4.96,1.54,6.5,18.26,0.76,14.0,149.0,0,0,50273.5126243239,1.250865245598,100.0
2026-08-30,United_Arab_Emirates,Fitness_Wearables,80.25,-5.260000000000005,-4.3300000000000125,85.51,86.44,88.01,-0.9299999999999926,-0.9299999999999926,-2.769999999999996,1.8400000000000036,87.29249999999999,1.642728928745314,3.0,-4.3,1.5,5.8,7.3,20.75,0.0,3.0,0.0,0,0,50273.5126243239,1.250865245598,100.0
2026-09-06,United_Arab_Emirates,Fitness_Wearables,95.4,15.150000000000006,20.41000000000001,80.25,85.51,89.21,-5.260000000000005,-5.260000000000005,-0.9299999999999926,-4.3300000000000125,85.35249999999999,3.7471444683478174,2.0,5.15,7.01,1.86,8.86,21.35,0.15,2.0,3.0,0,0,50273.5126243239,1.250865245598,100.0
2026-08-23,United_Arab_Emirates,Nutrition_Diets,58.72,-4.950000000000003,-5.780000000000001,63.67,62.84,69.91,0.8299999999999983,0.8299999999999983,-5.22999999999999,6.059999999999988,66.1225,3.4121095625238125,430.0,-0.7,3.71,4.41,8.12,21.1,0.44,255.0,0.0,1,1,50273.5126243239,1.250865245598,100.0
2026-08-30,United_Arab_Emirates,Nutrition_Diets,57.35,-1.3699999999999974,3.5800000000000054,58.72,63.67,68.07,-4.950000000000003,-4.950000000000003,0.8299999999999983,-5.780000000000001,63.325,3.832984042057401,392.0,0.18,3.97,3.8,7.77,21.31,0.42,212.0,430.0,0,0,50273.5126243239,1.250865245598,100.0
2026-09-06,United_Arab_Emirates,Nutrition_Diets,69.15,11.800000000000004,13.170000000000002,57.35,58.72,62.84,-1.3699999999999974,-1.3699999999999974,-4.950000000000003,3.5800000000000054,60.645,3.083899047202032,510.0,-0.63,3.6,4.24,7.84,20.21,0.48,287.0,411.0,0,0,50273.5126243239,1.250865245598,100.0
2026-09-13,United_Arab_Emirates,Nutrition_Diets,64.0,-5.150000000000006,-16.95000000000001,69.15,57.35,63.67,11.800000000000004,11.800000000000004,-1.3699999999999974,13.170000000000002,62.2225,5.357059983485981,41.0,-0.83,3.68,4.51,8.19,21.26,0.62,34.0,444.0,0,0,50273.5126243239,1.250865245598,100.0
2026-08-23,Australia,Fashion_Beauty,66.38,-2.480000000000004,-0.3700000000000045,68.86,70.97,69.23,-2.1099999999999994,-2.1099999999999994,4.469999999999999,-6.579999999999998,68.89,1.8398369492972064,329.0,0.3,3.27,2.97,6.25,22.0,0.5,238.0,0.0,0,0,65129.7227990563,2.87403791660173,96.13140106
2026-08-30,Australia,Fashion_Beauty,70.56,4.180000000000007,6.660000000000011,66.38,68.86,66.5,-2.480000000000004,-2.480000000000004,-2.1099999999999994,-0.3700000000000045,68.1775,2.183947114744188,380.0,-0.1,2.97,3.07,6.04,21.33,0.38,239.0,329.0,0,0,65129.7227990563,2.87403791660173,96.13140106
2026-09-06,Australia,Fashion_Beauty,69.65,-0.9099999999999966,-5.090000000000003,70.56,66.38,70.97,4.180000000000007,4.180000000000007,-2.480000000000004,6.660000000000011,69.1925,2.0856873367467723,424.0,0.42,3.18,2.77,5.95,21.44,0.41,271.0,354.5,0,0,65129.7227990563,2.87403791660173,96.13140106
2026-09-13,Australia,Fashion_Beauty,65.85,-3.8000000000000114,-2.890000000000015,69.65,70.56,68.86,-0.9099999999999966,-0.9099999999999966,4.180000000000007,-5.090000000000003,68.8625,1.7948514330344854,104.0,0.66,3.19,2.54,5.73,22.45,0.21,90.0,377.6666666666667,0,0,65129.7227990563,2.87403791660173,96.13140106
2026-08-30,Australia,Fitness_Wearables,87.5,-0.8900000000000006,-2.230000000000004,88.39,87.05,85.91,1.3400000000000034,1.3400000000000034,2.259999999999991,-0.9199999999999876,86.535,1.5429301129122976,3.0,2.86,4.75,1.89,6.64,23.0,0.83,3.0,0.0,0,0,65129.7227990563,2.87403791660173,96.13140106
2026-09-06,Australia,Fitness_Wearables,85.75,-1.75,-0.8599999999999994,87.5,88.39,84.79,-0.8900000000000006,-0.8900000000000006,1.3400000000000034,-2.230000000000004,86.9325,1.533022613444275,7.0,2.06,3.87,1.81,5.68,25.54,0.64,6.0,3.0,0,0,65129.7227990563,2.87403791660173,96.13140106
2026-08-23,Australia,Nutrition_Diets,80.0,1.1700000000000017,0.6400000000000006,78.83,78.3,76.81,0.5300000000000011,0.5300000000000011,0.0600000000000022,0.4699999999999988,78.045,0.8649662806528629,1903.0,-1.5,3.04,4.54,7.58,23.18,0.5,625.0,0.0,0,0,65129.7227990563,2.87403791660173,96.13140106
2026-08-30,Australia,Nutrition_Diets,77.59,-2.4099999999999966,-3.5799999999999983,80.0,78.83,78.24,1.1700000000000017,1.1700000000000017,0.5300000000000011,0.6400000000000006,78.8425,0.8159401530340925,1784.0,-1.78,2.97,4.75,7.73,23.18,0.51,602.0,1903.0,0,0,65129.7227990563,2.87403791660173,96.13140106
2026-09-06,Australia,Nutrition_Diets,73.87,-3.719999999999999,-1.3100000000000025,77.59,80.0,78.3,-2.4099999999999966,-2.4099999999999966,1.1700000000000017,-3.5799999999999983,78.67999999999999,1.016103669251614,2048.0,-1.2,3.18,4.39,7.57,22.75,0.55,709.0,1843.5,0,0,65129.7227990563,2.87403791660173,96.13140106
2026-09-13,Australia,Nutrition_Diets,71.76,-2.1099999999999994,1.6099999999999994,73.87,77.59,78.83,-3.719999999999999,-3.719999999999999,-2.4099999999999966,-1.3100000000000025,77.5725,2.6572463817517957,142.0,-1.65,2.79,4.44,7.23,23.01,0.59,94.0,1911.6666666666667,0,0,65129.7227990563,2.87403791660173,96.13140106
2026-08-23,Brazil,Fashion_Beauty,58.82,0.25,0.490000000000002,58.57,58.81,63.01,-0.240000000000002,-0.240000000000002,-2.469999999999999,2.229999999999997,60.4175,2.1183543140847982,974.0,0.09,2.94,2.85,5.78,22.67,0.29,346.0,0.0,0,0,10713.2856869511,5.01675279604836,84.46347227
2026-08-30,Brazil,Fashion_Beauty,59.21,0.3900000000000005,0.1400000000000005,58.82,58.57,61.28,0.25,0.25,-0.240000000000002,0.490000000000002,59.37,1.2785669060847566,924.0,0.23,3.0,2.77,5.78,22.66,0.31,287.0,974.0,0,0,10713.2856869511,5.01675279604836,84.46347227
2026-09-06,Brazil,Fashion_Beauty,66.94,7.729999999999997,7.339999999999996,59.21,58.82,58.81,0.3900000000000005,0.3900000000000005,0.25,0.1400000000000005,58.8525,0.2648741839727142,1012.0,-0.23,2.92,3.15,6.07,23.06,0.29,326.0,949.0,1,1,10713.2856869511,5.01675279604836,84.46347227
2026-09-13,Brazil,Fashion_Beauty,58.46,-8.479999999999997,-16.209999999999994,66.94,59.21,58.57,7.729999999999997,7.729999999999997,0.3900000000000005,7.339999999999996,60.885,4.045248241249842,86.0,0.27,3.14,2.87,6.01,23.36,0.34,48.0,970.0,0,0,10713.2856869511,5.01675279604836,84.46347227
2026-08-23,Brazil,Fitness_Wearables,67.07,-10.110000000000014,-11.810000000000016,77.18,75.48,85.19,1.7000000000000028,1.7000000000000028,-7.299999999999997,9.0,80.1575,4.580686811676361,15.0,-0.15,3.11,3.26,6.37,21.8,0.34,15.0,0.0,0,0,10713.2856869511,5.01675279604836,84.46347227
2026-08-30,Brazil,Fitness_Wearables,65.72,-1.3499999999999943,8.76000000000002,67.07,77.18,82.78,-10.110000000000014,-10.110000000000014,1.7000000000000028,-11.810000000000016,75.6275,6.50182218048652,15.0,-3.02,1.88,4.89,6.77,18.86,0.28,13.0,15.0,0,0,10713.2856869511,5.01675279604836,84.46347227
2026-09-06,Brazil,Fitness_Wearables,88.09,22.370000000000005,23.72,65.72,67.07,75.48,-1.3499999999999943,-1.3499999999999943,-10.110000000000014,8.76000000000002,71.3625,5.804035234214249,9.0,-0.71,2.9,3.61,6.52,20.57,0.66,9.0,15.0,1,1,10713.2856869511,5.01675279604836,84.46347227
2026-08-23,Brazil,Nutrition_Diets,33.19,-11.920000000000002,-16.92,45.11,40.11,70.43,5.0,5.0,-9.15,14.15,51.227500000000006,13.337037089748712,5908.0,-1.62,2.79,4.4,7.19,23.67,0.33,879.0,0.0,0,0,10713.2856869511,5.01675279604836,84.46347227
2026-08-30,Brazil,Nutrition_Diets,34.52,1.3300000000000054,13.250000000000009,33.19,45.11,49.26,-11.920000000000002,-11.920000000000002,5.0,-16.92,41.9175,6.917144762592963,5532.0,-1.23,2.94,4.17,7.1,23.77,0.34,789.0,5908.0,0,0,10713.2856869511,5.01675279604836,84.46347227
2026-09-06,Brazil,Nutrition_Diets,65.08,30.559999999999995,29.22999999999999,34.52,33.19,40.11,1.3300000000000054,1.3300000000000054,-11.920000000000002,13.250000000000009,38.2325,5.47827451545354,4791.0,-1.49,2.88,4.37,7.25,23.84,0.34,758.0,5720.0,1,1,10713.2856869511,5.01675279604836,84.46347227
2026-09-13,Brazil,Nutrition_Diets,45.01,-20.07,-50.63,65.08,34.52,45.11,30.559999999999995,30.559999999999995,1.3300000000000054,29.22999999999999,44.475,14.73569928212888,487.0,-1.2,2.89,4.09,6.99,24.14,0.32,196.0,5410.333333333333,0,0,10713.2856869511,5.01675279604836,84.46347227
2026-08-23,Canada,Fashion_Beauty,67.25,-1.6599999999999966,-6.179999999999993,68.91,64.39,64.74,4.519999999999996,4.519999999999996,1.8800000000000023,2.639999999999993,65.13749999999999,2.6989056424162,572.0,-0.54,2.93,3.47,6.39,21.9,0.64,366.0,0.0,0,0,55697.6639660837,2.07232411149103,94.353302
2026-08-30,Canada,Fashion_Beauty,71.05,3.799999999999997,5.459999999999994,67.25,68.91,62.51,-1.6599999999999966,-1.6599999999999966,4.519999999999996,-6.179999999999993,65.765,2.8625105531099906,642.0,-0.07,3.07,3.14,6.21,21.87,0.68,361.0,572.0,0,0,55697.6639660837,2.07232411149103,94.353302
2026-09-06,Canada,Fashion_Beauty,70.88,-0.1700000000000017,-3.969999999999999,71.05,67.25,64.39,3.799999999999997,3.799999999999997,-1.6599999999999966,5.459999999999994,67.9,2.8098161268428794,708.0,0.28,3.31,3.03,6.34,21.99,0.8,394.0,607.0,1,1,55697.6639660837,2.07232411149103,94.353302
2026-09-13,Canada,Fashion_Beauty,70.08,-0.7999999999999972,-0.6299999999999955,70.88,71.05,68.91,-0.1700000000000017,-0.1700000000000017,3.799999999999997,-3.969999999999999,69.5225,1.7995809697444929,38.0,-0.93,2.94,3.87,6.81,22.66,0.79,34.0,640.6666666666666,0,0,55697.6639660837,2.07232411149103,94.353302
2026-08-23,Canada,Fitness_Wearables,73.19,-3.25,-4.420000000000002,76.44,75.27,74.97,1.1700000000000017,1.1700000000000017,-0.4399999999999977,1.6099999999999994,75.5975,0.6386117756502739,8.0,0.78,2.65,1.87,4.53,24.51,0.32,8.0,0.0,0,0,55697.6639660837,2.07232411149103,94.353302
2026-08-30,Canada,Fitness_Wearables,75.69,2.5,5.75,73.19,76.44,75.71,-3.25,-3.25,1.1700000000000017,-4.420000000000002,75.1525,1.394474213936051,9.0,1.96,4.37,2.41,6.78,20.35,0.64,9.0,8.0,0,0,55697.6639660837,2.07232411149103,94.353302
2026-09-06,Canada,Fitness_Wearables,75.77,0.0799999999999983,-2.4200000000000017,75.69,73.19,75.27,2.5,2.5,-3.25,5.75,75.1475,1.391842304285667,4.0,0.18,3.28,3.11,6.39,21.92,0.77,4.0,8.5,1,1,55697.6639660837,2.07232411149103,94.353302
2026-08-23,Canada,Nutrition_Diets,66.52,-1.2600000000000051,-3.180000000000007,67.78,65.86,69.53,1.9200000000000017,1.9200000000000017,-3.269999999999996,5.189999999999998,68.075,1.6556267695355074,4443.0,-0.77,3.12,3.89,7.01,23.12,0.75,1093.0,0.0,0,0,55697.6639660837,2.07232411149103,94.353302
2026-08-30,Canada,Nutrition_Diets,70.43,3.910000000000011,5.170000000000016,66.52,67.78,69.13,-1.2600000000000051,-1.2600000000000051,1.9200000000000017,-3.180000000000007,67.32249999999999,1.4444462606835509,5112.0,-1.31,2.99,4.3,7.28,22.97,0.71,1290.0,4443.0,0,0,55697.6639660837,2.07232411149103,94.353302
2026-09-06,Canada,Nutrition_Diets,75.29,4.859999999999999,0.9499999999999886,70.43,66.52,65.86,3.910000000000011,3.910000000000011,-1.2600000000000051,5.170000000000016,67.64750000000001,2.01876818877321,5083.0,-0.94,3.05,3.99,7.04,22.85,0.79,1240.0,4777.5,1,1,55697.6639660837,2.07232411149103,94.353302
2026-09-13,Canada,Nutrition_Diets,70.56,-4.730000000000004,-9.590000000000003,75.29,70.43,67.78,4.859999999999999,4.859999999999999,3.910000000000011,0.9499999999999886,70.005,3.881911041399032,308.0,-0.82,3.15,3.98,7.13,23.06,0.71,205.0,4879.333333333333,0,0,55697.6639660837,2.07232411149103,94.353302
2026-08-23,China,Fashion_Beauty,13.79,-0.370000000000001,-1.8600000000000008,14.16,12.67,13.67,1.4900000000000002,1.4900000000000002,-1.8599999999999997,3.35,13.7575,0.8060345319321299,2342.0,-0.01,3.79,3.8,7.59,25.9,0.22,653.0,0.0,0,0,13861.970224368,0.0595646916565403,91.6
2026-08-30,China,Fashion_Beauty,14.98,1.1900000000000013,1.5600000000000025,13.79,14.16,14.53,-0.370000000000001,-0.370000000000001,1.4900000000000002,-1.8600000000000008,13.7875,0.8039226745571031,2263.0,-0.1,3.89,4.0,7.89,25.36,0.3,857.0,2342.0,0,0,13861.970224368,0.0595646916565403,91.6
2026-09-06,China,Fashion_Beauty,15.8,0.8200000000000003,-0.370000000000001,14.98,13.79,12.67,1.1900000000000013,1.1900000000000013,-0.370000000000001,1.5600000000000025,13.9,0.9589925269088604,2376.0,0.12,3.77,3.65,7.42,25.48,0.35,945.0,2302.5,0,0,13861.970224368,0.0595646916565403,91.6
2026-09-13,China,Fashion_Beauty,32.99,17.19,16.37,15.8,14.98,14.16,0.8200000000000003,0.8200000000000003,1.1900000000000013,-0.370000000000001,14.6825,0.8957073554833628,141.0,1.42,4.47,3.05,7.52,25.96,0.28,73.0,2327.0,0,0,13861.970224368,0.0595646916565403,91.6
2026-08-23,China,Fitness_Wearables,27.97,1.6099999999999994,1.1999999999999993,26.36,25.95,30.82,0.4100000000000001,0.4100000000000001,-1.150000000000002,1.5600000000000025,27.5575,2.2264527092809967,25.0,1.32,4.2,2.88,7.08,24.91,0.3,19.0,0.0,0,0,13861.970224368,0.0595646916565403,91.6
2026-08-30,China,Fitness_Wearables,33.37,5.399999999999999,3.789999999999999,27.97,26.36,27.1,1.6099999999999994,1.6099999999999994,0.4100000000000001,1.1999999999999993,26.845,0.8882379561045143,23.0,2.1,4.36,2.26,6.62,23.93,0.32,18.0,25.0,0,0,13861.970224368,0.0595646916565403,91.6
2026-09-06,China,Fitness_Wearables,32.33,-1.0399999999999991,-6.439999999999998,33.37,27.97,25.95,5.399999999999999,5.399999999999999,1.6099999999999994,3.789999999999999,28.4125,3.4180537834657674,39.0,2.05,5.04,2.99,8.03,26.04,0.23,22.0,24.0,0,0,13861.970224368,0.0595646916565403,91.6
2026-09-13,China,Fitness_Wearables,61.83,29.5,30.54,32.33,33.37,26.36,-1.0399999999999991,-1.0399999999999991,5.399999999999999,-6.439999999999998,30.0075,3.374219662874846,1.0,-3.54,3.81,7.35,11.16,19.78,0.27,1.0,29.0,0,0,13861.970224368,0.0595646916565403,91.6
2026-08-23,China,Nutrition_Diets,6.02,0.7599999999999998,1.6399999999999997,5.26,6.14,7.67,-0.8799999999999999,-0.8799999999999999,0.5800000000000001,-1.46,6.157499999999999,1.0724543502309694,22082.0,0.08,4.1,4.02,8.12,27.06,0.22,2089.0,0.0,0,0,13861.970224368,0.0595646916565403,91.6
2026-08-30,China,Nutrition_Diets,12.76,6.74,5.98,6.02,5.26,5.56,0.7599999999999998,0.7599999999999998,-0.8799999999999999,1.6399999999999997,5.744999999999999,0.4086971168595587,18477.0,0.11,4.16,4.06,8.22,26.72,0.26,2134.0,22082.0,0,0,13861.970224368,0.0595646916565403,91.6
2026-09-06,China,Nutrition_Diets,8.38,-4.379999999999999,-11.12,12.76,6.02,6.14,6.74,6.74,0.7599999999999998,5.98,7.545,3.498432982540809,18450.0,0.23,4.14,3.92,8.06,26.67,0.24,2180.0,20279.5,0,0,13861.970224368,0.0595646916565403,91.6
2026-09-13,China,Nutrition_Diets,35.47,27.09,31.469999999999995,8.38,12.76,5.26,-4.379999999999999,-4.379999999999999,6.74,-11.12,8.105,3.375692521542219,1496.0,0.04,4.12,4.08,8.2,26.93,0.29,439.0,19669.666666666668,0,0,13861.970224368,0.0595646916565403,91.6
2026-08-23,France,Fashion_Beauty,34.66,1.8699999999999972,-1.7300000000000004,32.79,29.19,30.17,3.599999999999998,3.599999999999998,-0.4899999999999984,4.089999999999996,30.4575,1.6056436923135968,2574.0,-0.46,2.93,3.38,6.31,20.9,0.4,1132.0,0.0,0,0,48985.7307807924,0.943770212469976,88.65381638
2026-08-30,France,Fashion_Beauty,36.71,2.0500000000000043,0.1800000000000068,34.66,32.79,29.68,1.8699999999999972,1.8699999999999972,3.599999999999998,-1.7300000000000004,31.58,2.599525597745315,3317.0,-0.41,2.98,3.39,6.37,20.94,0.41,1590.0,2574.0,0,0,48985.7307807924,0.943770212469976,88.65381638
2026-09-06,France,Fashion_Beauty,39.79,3.0799999999999983,1.029999999999994,36.71,34.66,29.19,2.0500000000000043,2.0500000000000043,1.8699999999999972,0.1800000000000068,33.3375,3.1950104329511237,3330.0,-0.38,3.11,3.49,6.59,20.78,0.44,1438.0,2945.5,0,0,48985.7307807924,0.943770212469976,88.65381638
2026-09-13,France,Fashion_Beauty,33.63,-6.159999999999997,-9.239999999999997,39.79,36.71,32.79,3.0799999999999983,3.0799999999999983,2.0500000000000043,1.029999999999994,35.9875,2.998181393222665,367.0,0.16,3.4,3.24,6.64,20.88,0.51,275.0,3073.6666666666665,0,0,48985.7307807924,0.943770212469976,88.65381638
2026-08-23,France,Fitness_Wearables,76.66,6.11999999999999,2.1899999999999835,70.54,66.61,64.46,3.930000000000007,3.930000000000007,3.1499999999999986,0.7800000000000082,66.2675,3.1369132917566955,23.0,-0.03,3.39,3.42,6.82,19.94,0.53,19.0,0.0,0,0,48985.7307807924,0.943770212469976,88.65381638
2026-08-30,France,Fitness_Wearables,74.71,-1.9500000000000028,-8.069999999999993,76.66,70.54,63.46,6.11999999999999,6.11999999999999,3.930000000000007,2.1899999999999835,69.31750000000001,5.687637910415883,26.0,0.49,3.08,2.59,5.67,20.63,1.2,22.0,23.0,0,0,48985.7307807924,0.943770212469976,88.65381638
2026-09-06,France,Fitness_Wearables,84.41,9.700000000000005,11.650000000000006,74.71,76.66,66.61,-1.9500000000000028,-1.9500000000000028,6.11999999999999,-8.069999999999993,72.13,4.4786828420865055,34.0,-0.99,2.83,3.81,6.64,20.53,0.47,28.0,24.5,0,0,48985.7307807924,0.943770212469976,88.65381638
2026-09-13,France,Fitness_Wearables,82.39,-2.019999999999996,-11.72,84.41,74.71,70.54,9.700000000000005,9.700000000000005,-1.9500000000000028,11.650000000000006,76.58,5.810731451375142,10.0,-0.6,2.53,3.13,5.66,21.77,0.54,7.0,27.666666666666668,0,0,48985.7307807924,0.943770212469976,88.65381638
2026-08-23,France,Nutrition_Diets,37.77,-0.5700000000000003,-1.720000000000006,38.34,37.19,44.66,1.1500000000000057,1.1500000000000057,-4.350000000000001,5.500000000000007,40.432500000000005,3.3660399581705462,9243.0,-1.66,2.89,4.56,7.45,21.88,0.56,2617.0,0.0,0,0,48985.7307807924,0.943770212469976,88.65381638
2026-08-30,France,Nutrition_Diets,36.63,-1.1400000000000006,-0.5700000000000003,37.77,38.34,41.54,-0.5700000000000003,-0.5700000000000003,1.1500000000000057,-1.720000000000006,38.71,1.944205064630351,8985.0,-1.44,2.96,4.41,7.37,21.58,0.56,2494.0,9243.0,0,0,48985.7307807924,0.943770212469976,88.65381638
2026-09-06,France,Nutrition_Diets,42.18,5.549999999999997,6.689999999999998,36.63,37.77,37.19,-1.1400000000000006,-1.1400000000000006,-0.5700000000000003,-0.5700000000000003,37.4825,0.7371736566109195,11130.0,-1.55,2.97,4.52,7.49,21.71,0.67,2808.0,9114.0,0,0,48985.7307807924,0.943770212469976,88.65381638
2026-09-13,France,Nutrition_Diets,37.07,-5.109999999999999,-10.659999999999997,42.18,36.63,38.34,5.549999999999997,5.549999999999997,-1.1400000000000006,6.689999999999998,38.73,2.4073637033072,1455.0,-0.64,3.28,3.92,7.2,21.7,0.92,924.0,9786.0,0,0,48985.7307807924,0.943770212469976,88.65381638
2026-08-23,United_Kingdom,Fashion_Beauty,59.44,-1.0500000000000045,-0.4100000000000037,60.49,61.13,58.2,-0.6400000000000006,-0.6400000000000006,-0.759999999999998,0.1199999999999974,60.4275,1.5914432652989734,9.0,-0.14,3.35,3.49,6.84,18.59,1.51,4.0,0.0,0,0,57601.9621201954,3.88306881626,95.4720993
2026-08-30,United_Kingdom,Fashion_Beauty,65.23,5.790000000000006,6.8400000000000105,59.44,60.49,61.89,-1.0500000000000045,-1.0500000000000045,-0.6400000000000006,-0.4100000000000037,60.7375,1.0371555653157574,12.0,-0.63,2.3,2.93,5.23,17.94,0.21,8.0,9.0,0,0,57601.9621201954,3.88306881626,95.4720993
2026-09-06,United_Kingdom,Fashion_Beauty,73.03,7.799999999999997,2.009999999999991,65.23,59.44,61.13,5.790000000000006,5.790000000000006,-1.0500000000000045,6.8400000000000105,61.572500000000005,2.535907135523447,7.0,0.82,3.18,2.36,5.54,18.8,0.33,6.0,10.5,0,0,57601.9621201954,3.88306881626,95.4720993
2026-08-23,United_Kingdom,Nutrition_Diets,75.42,-2.700000000000003,3.779999999999987,78.12,84.6,83.5,-6.47999999999999,-6.47999999999999,0.7800000000000011,-7.259999999999991,82.50999999999999,2.9629039808946924,39.0,-0.31,3.62,3.93,7.55,20.4,0.72,14.0,0.0,0,0,57601.9621201954,3.88306881626,95.4720993
2026-08-30,United_Kingdom,Nutrition_Diets,82.38,6.959999999999994,9.659999999999997,75.42,78.12,83.82,-2.700000000000003,-2.700000000000003,-6.47999999999999,3.779999999999987,80.49,4.446076922411665,54.0,-0.93,3.41,4.34,7.75,19.71,0.62,23.0,39.0,0,0,57601.9621201954,3.88306881626,95.4720993
2026-09-06,United_Kingdom,Nutrition_Diets,89.52,7.140000000000001,0.1800000000000068,82.38,75.42,84.6,6.959999999999994,6.959999999999994,-2.700000000000003,9.659999999999997,80.13,4.133908562123936,35.0,-0.48,3.14,3.62,6.76,19.59,0.34,14.0,46.5,0,0,57601.9621201954,3.88306881626,95.4720993
2026-09-13,United_Kingdom,Nutrition_Diets,74.21,-15.310000000000002,-22.450000000000003,89.52,82.38,78.12,7.140000000000001,7.140000000000001,6.959999999999994,0.1800000000000068,81.36,6.148365636492479,5.0,-0.52,3.11,3.63,6.73,20.08,1.07,3.0,42.66666666666666,0,0,57601.9621201954,3.88306881626,95.4720993
2026-08-23,India,Fashion_Beauty,56.4,-1.3599999999999994,-2.789999999999999,57.76,56.33,50.1,1.4299999999999995,1.4299999999999995,0.2999999999999971,1.1300000000000026,55.055,3.38847556678026,2120.0,-0.87,3.12,4.0,7.12,21.76,0.41,389.0,0.0,1,1,2702.47987141553,2.39884954182294,70.0
2026-08-30,India,Fashion_Beauty,58.14,1.740000000000002,3.1000000000000014,56.4,57.76,56.03,-1.3599999999999994,-1.3599999999999994,1.4299999999999995,-2.789999999999999,56.63,0.7702380584381353,2520.0,-0.86,3.11,3.97,7.08,21.83,0.4,567.0,2120.0,1,1,2702.47987141553,2.39884954182294,70.0
2026-09-06,India,Fashion_Beauty,68.02,9.879999999999995,8.139999999999993,58.14,56.4,56.33,1.740000000000002,1.740000000000002,-1.3599999999999994,3.1000000000000014,57.1575,0.9285966113800268,2768.0,-0.35,3.34,3.69,7.03,21.59,0.44,461.0,2320.0,0,0,2702.47987141553,2.39884954182294,70.0
2026-09-13,India,Fashion_Beauty,62.95,-5.069999999999993,-14.949999999999989,68.02,58.14,57.76,9.879999999999995,9.879999999999995,1.740000000000002,8.139999999999993,60.08,5.345777149613766,193.0,-0.91,3.21,4.12,7.34,21.31,0.37,110.0,2469.333333333333,0,0,2702.47987141553,2.39884954182294,70.0
2026-08-23,India,Fitness_Wearables,76.36,-7.140000000000001,-6.540000000000006,83.5,84.1,80.44,-0.5999999999999943,-0.5999999999999943,-1.7800000000000011,1.1800000000000068,83.47999999999999,2.264685408616119,74.0,-2.49,3.99,6.48,10.47,20.64,0.53,71.0,0.0,1,1,2702.47987141553,2.39884954182294,70.0
2026-08-30,India,Fitness_Wearables,77.76,1.4000000000000057,8.540000000000006,76.36,83.5,85.88,-7.140000000000001,-7.140000000000001,-0.5999999999999943,-6.540000000000006,82.46,4.190369912072071,30.0,1.12,3.81,2.68,6.49,20.44,0.49,23.0,74.0,1,1,2702.47987141553,2.39884954182294,70.0
2026-09-06,India,Fitness_Wearables,92.76,15.0,13.599999999999994,77.76,76.36,84.1,1.4000000000000057,1.4000000000000057,-7.140000000000001,8.540000000000006,80.43,3.940710595818876,18.0,1.1,4.03,2.93,6.96,19.96,0.52,16.0,52.0,0,0,2702.47987141553,2.39884954182294,70.0
2026-09-13,India,Fitness_Wearables,87.6,-5.160000000000011,-20.16000000000001,92.76,77.76,83.5,15.0,15.0,1.4000000000000057,13.599999999999994,82.595,7.44756559778645,3.0,1.03,4.63,3.6,8.23,19.58,0.78,3.0,40.66666666666666,0,0,2702.47987141553,2.39884954182294,70.0
2026-08-23,India,Nutrition_Diets,80.7,-9.259999999999993,-10.11999999999999,89.96,89.1,85.76,0.8599999999999994,0.8599999999999994,0.4399999999999977,0.4200000000000017,88.36999999999999,1.8218305812194968,13537.0,-1.74,3.16,4.89,8.05,22.83,0.37,1624.0,0.0,1,1,2702.47987141553,2.39884954182294,70.0
2026-08-30,India,Nutrition_Diets,79.8,-0.9000000000000057,8.359999999999985,80.7,89.96,88.66,-9.259999999999993,-9.259999999999993,0.8599999999999994,-10.11999999999999,87.10499999999999,4.303994268893301,13305.0,-1.62,3.14,4.76,7.91,22.7,0.39,1551.0,13537.0,1,1,2702.47987141553,2.39884954182294,70.0
2026-09-06,India,Nutrition_Diets,104.48,24.680000000000007,25.580000000000013,79.8,80.7,89.1,-0.9000000000000057,-0.9000000000000057,-9.259999999999993,8.359999999999985,84.89,5.381858415082977,14202.0,-1.35,3.2,4.54,7.74,22.18,0.35,1500.0,13421.0,0,0,2702.47987141553,2.39884954182294,70.0
2026-09-13,India,Nutrition_Diets,91.99,-12.490000000000007,-37.170000000000016,104.48,79.8,89.96,24.680000000000007,24.680000000000007,-0.9000000000000057,25.580000000000013,88.735,11.457182608884844,1675.0,-1.11,3.57,4.68,8.25,21.8,0.35,506.0,13681.333333333334,0,0,2702.47987141553,2.39884954182294,70.0
2026-08-23,Kenya,Fashion_Beauty,68.58,6.390000000000001,14.25,62.19,70.05,71.93,-7.859999999999999,-7.859999999999999,2.6199999999999903,-10.47999999999999,67.9,4.230382173436599,168.0,-0.57,3.87,4.44,8.31,20.83,0.71,41.0,0.0,0,0,2362.86091198611,4.06912878540729,34.97622513
2026-08-30,Kenya,Fashion_Beauty,73.96,5.379999999999996,-1.0100000000000051,68.58,62.19,67.43,6.390000000000001,6.390000000000001,-7.859999999999999,14.25,67.0625,3.420734570234373,170.0,-2.02,3.21,5.23,8.44,21.14,0.64,49.0,168.0,0,0,2362.86091198611,4.06912878540729,34.97622513
2026-09-06,Kenya,Fashion_Beauty,66.54,-7.4199999999999875,-12.799999999999985,73.96,68.58,70.05,5.379999999999996,5.379999999999996,6.390000000000001,-1.0100000000000051,68.695,4.895048518656081,140.0,-0.98,3.08,4.06,7.14,20.57,0.55,63.0,169.0,0,0,2362.86091198611,4.06912878540729,34.97622513
2026-09-13,Kenya,Fashion_Beauty,99.87,33.33,40.74999999999999,66.54,73.96,62.19,-7.4199999999999875,-7.4199999999999875,5.379999999999996,-12.799999999999985,67.8175,4.885777829578088,9.0,-0.4,2.83,3.23,6.06,20.38,1.0,9.0,159.33333333333334,0,0,2362.86091198611,4.06912878540729,34.97622513
2026-08-23,Kenya,Fitness_Wearables,72.15,0.8200000000000074,6.260000000000005,71.33,76.77,78.53,-5.439999999999998,-5.439999999999998,7.339999999999989,-12.779999999999989,74.015,4.3284600802899496,11.0,0.32,3.21,2.9,6.11,20.57,0.39,6.0,0.0,0,0,2362.86091198611,4.06912878540729,34.97622513
2026-08-30,Kenya,Fitness_Wearables,60.97,-11.180000000000009,-12.000000000000014,72.15,71.33,69.43,0.8200000000000074,0.8200000000000074,-5.439999999999998,6.260000000000005,72.42,3.1157449617488164,15.0,-0.69,3.16,3.85,7.01,20.52,1.95,4.0,11.0,0,0,2362.86091198611,4.06912878540729,34.97622513
2026-09-06,Kenya,Fitness_Wearables,69.9,8.930000000000007,20.110000000000014,60.97,72.15,76.77,-11.180000000000009,-11.180000000000009,0.8200000000000074,-12.000000000000014,70.305,6.668160665930484,6.0,-0.34,2.79,3.13,5.92,19.13,1.51,5.0,13.0,0,0,2362.86091198611,4.06912878540729,34.97622513
2026-09-13,Kenya,Fitness_Wearables,101.85,31.94999999999999,23.019999999999985,69.9,60.97,71.33,8.930000000000007,8.930000000000007,-11.180000000000009,20.110000000000014,68.5875,5.162740712708894,1.0,-1.27,4.3,5.57,9.87,17.72,0.51,1.0,10.666666666666666,0,0,2362.86091198611,4.06912878540729,34.97622513
2026-08-23,Kenya,Nutrition_Diets,55.46,6.840000000000003,11.030000000000008,48.62,52.81,56.27,-4.190000000000005,-4.190000000000005,1.7600000000000051,-5.95000000000001,52.1875,3.218450714241248,525.0,-1.2,3.5,4.71,8.21,21.4,0.58,249.0,0.0,0,0,2362.86091198611,4.06912878540729,34.97622513
2026-08-30,Kenya,Nutrition_Diets,47.81,-7.649999999999999,-14.490000000000002,55.46,48.62,51.05,6.840000000000003,6.840000000000003,-4.190000000000005,11.030000000000008,51.985,2.884076975394382,462.0,-1.21,3.68,4.88,8.56,21.01,0.62,170.0,525.0,0,0,2362.86091198611,4.06912878540729,34.97622513
2026-09-06,Kenya,Nutrition_Diets,53.66,5.849999999999994,13.499999999999991,47.81,55.46,52.81,-7.649999999999999,-7.649999999999999,6.840000000000003,-14.490000000000002,51.175,3.600263879217752,511.0,-0.94,3.61,4.55,8.16,21.14,0.59,197.0,493.5,0,0,2362.86091198611,4.06912878540729,34.97622513
2026-09-13,Kenya,Nutrition_Diets,68.95,15.290000000000006,9.440000000000012,53.66,47.81,48.62,5.849999999999994,5.849999999999994,-7.649999999999999,13.499999999999991,51.3875,3.750869899103411,49.0,0.17,4.28,4.11,8.38,20.71,0.67,24.0,499.3333333333333,0,0,2362.86091198611,4.06912878540729,34.97622513
2026-08-23,Mexico,Fashion_Beauty,55.43,-5.710000000000001,-8.350000000000001,61.14,58.5,69.16,2.640000000000001,2.640000000000001,-5.090000000000003,7.730000000000004,63.0975,4.544787307087734,1081.0,0.29,3.14,2.85,5.99,20.39,0.4,446.0,0.0,0,0,13889.2339628708,3.80668650726485,83.12233799
2026-08-30,Mexico,Fashion_Beauty,51.26,-4.170000000000002,1.5399999999999991,55.43,61.14,63.59,-5.710000000000001,-5.710000000000001,2.640000000000001,-8.350000000000001,59.665000000000006,3.505885527699476,1276.0,0.25,3.07,2.82,5.9,19.97,0.39,411.0,1081.0,0,0,13889.2339628708,3.80668650726485,83.12233799
2026-09-06,Mexico,Fashion_Beauty,51.13,-0.1299999999999954,4.040000000000006,51.26,55.43,58.5,-4.170000000000002,-4.170000000000002,-5.710000000000001,1.5399999999999991,56.5825,4.246758567817669,1145.0,0.0,2.99,2.99,5.98,19.97,0.41,382.0,1178.5,0,0,13889.2339628708,3.80668650726485,83.12233799
2026-09-13,Mexico,Fashion_Beauty,57.31,6.18,6.309999999999995,51.13,51.26,61.14,-0.1299999999999954,-0.1299999999999954,-4.170000000000002,4.040000000000006,54.74,4.710930552095434,99.0,0.12,3.02,2.9,5.92,19.56,0.42,73.0,1167.3333333333333,1,1,13889.2339628708,3.80668650726485,83.12233799
2026-08-23,Mexico,Fitness_Wearables,71.27,-6.420000000000002,-5.659999999999997,77.69,78.45,83.94,-0.7600000000000051,-0.7600000000000051,-4.030000000000001,3.269999999999996,80.64,3.0427071279806723,3.0,-1.54,3.32,4.86,8.18,19.84,0.57,3.0,0.0,0,0,13889.2339628708,3.80668650726485,83.12233799
2026-08-30,Mexico,Fitness_Wearables,68.36,-2.9099999999999966,3.510000000000005,71.27,77.69,82.48,-6.420000000000002,-6.420000000000002,-0.7600000000000051,-5.659999999999997,77.4725,4.638565690670447,4.0,0.43,3.24,2.81,6.05,22.86,0.3,3.0,3.0,0,0,13889.2339628708,3.80668650726485,83.12233799
2026-09-06,Mexico,Fitness_Wearables,74.91,6.549999999999997,9.459999999999994,68.36,71.27,78.45,-2.9099999999999966,-2.9099999999999966,-6.420000000000002,3.510000000000005,73.9425,4.92164860590422,5.0,1.0,2.93,1.93,4.85,17.84,0.3,5.0,3.5,0,0,13889.2339628708,3.80668650726485,83.12233799
2026-09-13,Mexico,Fitness_Wearables,71.33,-3.5799999999999983,-10.129999999999995,74.91,68.36,77.69,6.549999999999997,6.549999999999997,-2.9099999999999966,9.459999999999994,73.0575,4.088743694583839,2.0,2.39,4.62,2.23,6.85,20.94,0.25,2.0,4.0,1,1,13889.2339628708,3.80668650726485,83.12233799
2026-08-23,Mexico,Nutrition_Diets,27.5,-6.130000000000003,-2.950000000000003,33.63,36.81,49.5,-3.18,-3.18,-4.759999999999998,1.5799999999999983,40.377500000000005,6.90163929802184,4828.0,-1.52,2.87,4.38,7.25,20.65,0.32,757.0,0.0,0,0,13889.2339628708,3.80668650726485,83.12233799
2026-08-30,Mexico,Nutrition_Diets,26.37,-1.129999999999999,5.000000000000004,27.5,33.63,41.57,-6.130000000000003,-6.130000000000003,-3.18,-2.950000000000003,34.877500000000005,5.9021994487930085,5295.0,-1.59,2.82,4.41,7.23,20.43,0.34,862.0,4828.0,0,0,13889.2339628708,3.80668650726485,83.12233799
2026-09-06,Mexico,Nutrition_Diets,34.62,8.249999999999996,9.379999999999995,26.37,27.5,36.81,-1.129999999999999,-1.129999999999999,-6.130000000000003,5.000000000000004,31.0775,4.977813274922935,5237.0,-1.63,2.89,4.52,7.41,20.43,0.33,792.0,5061.5,0,0,13889.2339628708,3.80668650726485,83.12233799
2026-09-13,Mexico,Nutrition_Diets,30.09,-4.529999999999998,-12.779999999999994,34.62,26.37,33.63,8.249999999999996,8.249999999999996,-1.129999999999999,9.379999999999995,30.53,4.19621257802783,508.0,-1.46,2.9,4.36,7.26,20.25,0.35,214.0,5120.0,1,1,13889.2339628708,3.80668650726485,83.12233799
2026-08-23,Nigeria,Fashion_Beauty,66.91,-2.6000000000000085,-5.460000000000008,69.51,66.65,73.13,2.8599999999999994,2.8599999999999994,-1.9899999999999949,4.849999999999994,69.4825,2.7103428442419384,28.0,-1.21,2.82,4.03,6.85,19.79,0.49,21.0,0.0,1,1,1224.25410237743,23.0101235833333,41.21139908
2026-08-30,Nigeria,Fashion_Beauty,70.3,3.390000000000001,5.990000000000009,66.91,69.51,68.64,-2.6000000000000085,-2.6000000000000085,2.8599999999999994,-5.460000000000008,67.92750000000001,1.3758966773224317,22.0,-0.44,3.82,4.26,8.08,19.35,0.81,13.0,28.0,0,0,1224.25410237743,23.0101235833333,41.21139908
2026-09-06,Nigeria,Fashion_Beauty,72.1,1.7999999999999972,-1.5900000000000034,70.3,66.91,66.65,3.390000000000001,3.390000000000001,-2.6000000000000085,5.990000000000009,68.3425,1.8358898841343636,81.0,-2.52,3.41,5.92,9.33,15.06,0.18,19.0,25.0,0,0,1224.25410237743,23.0101235833333,41.21139908
2026-09-13,Nigeria,Fashion_Beauty,69.46,-2.640000000000001,-4.439999999999998,72.1,70.3,69.51,1.7999999999999972,1.7999999999999972,3.390000000000001,-1.5900000000000034,69.705,2.155620560302804,1.0,0.94,2.93,2.0,4.93,14.55,0.59,1.0,43.66666666666666,0,0,1224.25410237743,23.0101235833333,41.21139908
2026-08-23,Nigeria,Fitness_Wearables,73.95,-3.530000000000001,1.3399999999999892,77.48,82.35,86.72,-4.86999999999999,-4.86999999999999,-7.900000000000006,3.030000000000016,84.19999999999999,5.523700450482904,4.0,-2.72,2.28,5.0,7.28,21.62,0.59,4.0,0.0,1,1,1224.25410237743,23.0101235833333,41.21139908
2026-08-30,Nigeria,Fitness_Wearables,73.48,-0.4699999999999988,3.0600000000000023,73.95,77.48,90.25,-3.530000000000001,-3.530000000000001,-4.86999999999999,1.3399999999999892,81.00750000000001,7.058745757332957,5.0,0.37,4.41,4.03,8.44,18.01,0.77,4.0,4.0,0,0,1224.25410237743,23.0101235833333,41.21139908
2026-09-06,Nigeria,Fitness_Wearables,73.72,0.2399999999999948,0.7099999999999937,73.48,73.95,82.35,-0.4699999999999988,-0.4699999999999988,-3.530000000000001,3.0600000000000023,76.815,4.099142186685818,7.0,-0.8,3.3,4.1,7.4,19.1,0.68,7.0,4.5,0,0,1224.25410237743,23.0101235833333,41.21139908
2026-08-23,Nigeria,Nutrition_Diets,61.55,3.029999999999994,5.819999999999993,58.52,61.31,66.09,-2.789999999999999,-2.789999999999999,0.490000000000002,-3.280000000000001,61.685,3.1785793472338346,167.0,-2.63,2.85,5.48,8.32,19.97,0.51,97.0,0.0,1,1,1224.25410237743,23.0101235833333,41.21139908
2026-08-30,Nigeria,Nutrition_Diets,60.44,-1.1099999999999994,-4.1399999999999935,61.55,58.52,60.82,3.029999999999994,3.029999999999994,-2.789999999999999,5.819999999999993,60.55,1.3870111751512353,128.0,-1.49,3.42,4.91,8.34,19.84,0.53,76.0,167.0,0,0,1224.25410237743,23.0101235833333,41.21139908
2026-09-06,Nigeria,Nutrition_Diets,56.82,-3.619999999999997,-2.509999999999998,60.44,61.55,61.31,-1.1099999999999994,-1.1099999999999994,3.029999999999994,-4.1399999999999935,60.455,1.3753181450102288,116.0,-0.98,3.22,4.2,7.42,19.64,0.5,69.0,147.5,0,0,1224.25410237743,23.0101235833333,41.21139908
2026-09-13,Nigeria,Nutrition_Diets,64.3,7.479999999999997,11.099999999999994,56.82,60.44,58.52,-3.619999999999997,-3.619999999999997,-1.1099999999999994,-2.509999999999998,59.3325,2.090986609233541,6.0,-1.66,2.45,4.11,6.56,22.19,0.55,6.0,137.0,0,0,1224.25410237743,23.0101235833333,41.21139908
2026-08-23,Singapore,Fashion_Beauty,45.24,-1.7800000000000011,-10.390000000000008,47.02,38.41,31.96,8.610000000000007,8.610000000000007,0.2899999999999991,8.320000000000007,38.8775,6.189897010451898,96.0,-1.63,2.87,4.5,7.37,20.35,0.23,45.0,0.0,0,0,98813.9788172877,0.902998495002676,94.37757178
2026-08-30,Singapore,Fashion_Beauty,43.95,-1.2899999999999991,0.490000000000002,45.24,47.02,38.12,-1.7800000000000011,-1.7800000000000011,8.610000000000007,-10.390000000000008,42.1975,4.600162134823914,156.0,-2.07,2.62,4.69,7.31,20.4,0.17,92.0,96.0,0,0,98813.9788172877,0.902998495002676,94.37757178
2026-09-06,Singapore,Fashion_Beauty,39.15,-4.800000000000004,-3.510000000000005,43.95,45.24,38.41,-1.2899999999999991,-1.2899999999999991,-1.7800000000000011,0.490000000000002,43.655,3.716292955800745,113.0,-1.5,2.48,3.98,6.46,19.62,0.23,54.0,126.0,0,0,98813.9788172877,0.902998495002676,94.37757178
2026-09-13,Singapore,Fashion_Beauty,44.07,4.920000000000002,9.720000000000006,39.15,43.95,47.02,-4.800000000000004,-4.800000000000004,-1.2899999999999991,-3.510000000000005,43.84,3.370489578681542,9.0,-0.68,2.46,3.14,5.6,18.37,0.66,8.0,121.66666666666669,0,0,98813.9788172877,0.902998495002676,94.37757178
2026-08-30,Singapore,Fitness_Wearables,75.7,-0.3199999999999932,6.450000000000017,76.02,82.79,59.7,-6.77000000000001,-6.77000000000001,17.77000000000001,-24.54000000000002,70.8825,10.44987519861676,2.0,-0.54,2.77,3.31,6.08,19.72,0.04,2.0,0.0,0,0,98813.9788172877,0.902998495002676,94.37757178
2026-09-06,Singapore,Fitness_Wearables,65.32,-10.38000000000001,-10.060000000000016,75.7,76.02,65.02,-0.3199999999999932,-0.3199999999999932,-6.77000000000001,6.450000000000017,74.88250000000001,7.343016523654706,3.0,0.03,1.92,1.89,3.81,19.58,1.01,3.0,2.0,0,0,98813.9788172877,0.902998495002676,94.37757178
2026-08-23,Singapore,Nutrition_Diets,51.01,-1.480000000000004,2.979999999999997,52.49,56.95,83.99,-4.460000000000001,-4.460000000000001,-3.9199999999999946,-0.5400000000000063,63.575,14.033971877792265,284.0,-1.16,3.3,4.46,7.75,20.27,0.46,120.0,0.0,0,0,98813.9788172877,0.902998495002676,94.37757178
2026-08-30,Singapore,Nutrition_Diets,54.89,3.8800000000000026,5.360000000000007,51.01,52.49,60.87,-1.480000000000004,-1.480000000000004,-4.460000000000001,2.979999999999997,55.33,4.473775437666042,362.0,-1.93,2.96,4.89,7.84,20.43,0.3,88.0,284.0,0,0,98813.9788172877,0.902998495002676,94.37757178
2026-09-06,Singapore,Nutrition_Diets,63.45,8.560000000000002,4.68,54.89,51.01,56.95,3.8800000000000026,3.8800000000000026,-1.480000000000004,5.360000000000007,53.835,2.620807763520748,348.0,-2.06,2.81,4.87,7.68,20.64,0.4,101.0,323.0,0,0,98813.9788172877,0.902998495002676,94.37757178
2026-09-13,Singapore,Nutrition_Diets,61.04,-2.410000000000004,-10.970000000000006,63.45,54.89,52.49,8.560000000000002,8.560000000000002,3.8800000000000026,4.68,55.46,5.561426675473119,45.0,-1.75,2.61,4.37,6.98,22.09,0.45,17.0,331.3333333333333,0,0,98813.9788172877,0.902998495002676,94.37757178
2026-08-23,United_States,Fashion_Beauty,44.25,-0.0900000000000034,2.059999999999995,44.34,46.49,46.0,-2.1499999999999986,-2.1499999999999986,0.1600000000000037,-2.3100000000000023,45.790000000000006,0.9879608629221645,12726.0,-1.07,2.93,4.0,6.93,21.77,0.73,3917.0,0.0,0,0,90026.5163005744,2.94952520485207,94.69380188
2026-08-30,United_States,Fashion_Beauty,45.87,1.6199999999999974,1.7100000000000009,44.25,44.34,46.33,-0.0900000000000034,-0.0900000000000034,-2.1499999999999986,2.059999999999995,45.352500000000006,1.2233935044236406,15360.0,-1.48,2.8,4.28,7.08,21.47,0.66,3996.0,12726.0,0,0,90026.5163005744,2.94952520485207,94.69380188
2026-09-06,United_States,Fashion_Beauty,46.91,1.0399999999999991,-0.5799999999999983,45.87,44.25,46.49,1.6199999999999974,1.6199999999999974,-0.0900000000000034,1.7100000000000009,45.2375,1.1179557236309956,13781.0,-1.13,2.86,3.99,6.86,21.61,0.74,4005.0,14043.0,1,1,90026.5163005744,2.94952520485207,94.69380188
2026-09-13,United_States,Fashion_Beauty,44.13,-2.779999999999994,-3.819999999999993,46.91,45.87,44.34,1.0399999999999991,1.0399999999999991,1.6199999999999974,-0.5799999999999983,45.3425,1.282429335284907,1105.0,-0.82,2.96,3.78,6.74,21.69,0.61,732.0,13955.666666666666,0,0,90026.5163005744,2.94952520485207,94.69380188
2026-08-23,United_States,Fitness_Wearables,55.89,-2.5899999999999963,-1.269999999999996,58.48,59.8,62.75,-1.3200000000000005,-1.3200000000000005,-2.18,0.8599999999999994,60.7525,1.9636933738916604,444.0,-1.11,2.81,3.91,6.72,20.71,0.92,315.0,0.0,0,0,90026.5163005744,2.94952520485207,94.69380188
2026-08-30,United_States,Fitness_Wearables,56.3,0.4099999999999966,2.999999999999993,55.89,58.48,61.98,-2.5899999999999963,-2.5899999999999963,-1.3200000000000005,-1.269999999999996,59.0375,2.546715204598334,480.0,-4.52,2.63,7.15,9.78,20.8,0.49,311.0,444.0,0,0,90026.5163005744,2.94952520485207,94.69380188
2026-09-06,United_States,Fitness_Wearables,56.36,0.0600000000000022,-0.3499999999999943,56.3,55.89,59.8,0.4099999999999966,0.4099999999999966,-2.5899999999999963,2.999999999999993,57.61749999999999,1.8463725698421185,344.0,-0.65,2.69,3.35,6.04,21.99,0.76,274.0,462.0,1,1,90026.5163005744,2.94952520485207,94.69380188
2026-09-13,United_States,Fitness_Wearables,57.53,1.1700000000000017,1.1099999999999994,56.36,56.3,58.48,0.0600000000000022,0.0600000000000022,0.4099999999999966,-0.3499999999999943,56.7575,1.167172509385486,37.0,-2.55,2.67,5.23,7.9,17.59,0.38,36.0,422.6666666666667,0,0,90026.5163005744,2.94952520485207,94.69380188
2026-08-23,United_States,Nutrition_Diets,48.48,-1.2000000000000028,-0.0700000000000002,49.68,50.81,53.58,-1.1300000000000026,-1.1300000000000026,-3.5700000000000003,2.4399999999999977,52.1125,2.229250621472349,92616.0,-1.44,3.08,4.52,7.6,22.21,0.72,7760.0,0.0,0,0,90026.5163005744,2.94952520485207,94.69380188
2026-08-30,United_States,Nutrition_Diets,50.1,1.6200000000000043,2.8200000000000074,48.48,49.68,54.38,-1.2000000000000028,-1.2000000000000028,-1.1300000000000026,-0.0700000000000002,50.837500000000006,2.546086866808524,85072.0,-1.79,2.88,4.67,7.55,22.51,0.75,7632.0,92616.0,0,0,90026.5163005744,2.94952520485207,94.69380188
2026-09-06,United_States,Nutrition_Diets,50.44,0.3399999999999963,-1.2800000000000082,50.1,48.48,50.81,1.6200000000000043,1.6200000000000043,-1.2000000000000028,2.8200000000000074,49.767500000000005,0.9768444093106534,75697.0,-1.74,2.84,4.59,7.43,22.25,0.73,7588.0,88844.0,1,1,90026.5163005744,2.94952520485207,94.69380188
2026-09-13,United_States,Nutrition_Diets,47.61,-2.8299999999999983,-3.1699999999999946,50.44,50.1,49.68,0.3399999999999963,0.3399999999999963,1.6200000000000043,-1.2800000000000082,49.675,0.8551608035927947,6373.0,-1.55,2.92,4.48,7.4,22.33,0.85,2558.0,84461.66666666667,0,0,90026.5163005744,2.94952520485207,94.69380188
2026-08-23,South_Africa,Fashion_Beauty,73.96,-4.730000000000004,-15.230000000000004,78.69,68.19,74.79,10.5,10.5,-3.820000000000008,14.320000000000007,73.42,4.434365794564041,61.0,-0.71,3.8,4.51,8.31,21.81,0.36,44.0,0.0,0,0,6597.71450918774,3.20550474112603,78.35759735
2026-08-30,South_Africa,Fashion_Beauty,69.69,-4.269999999999996,0.4600000000000079,73.96,78.69,72.01,-4.730000000000004,-4.730000000000004,10.5,-15.230000000000004,73.21249999999999,4.367809328866462,44.0,-1.0,3.79,4.79,8.57,21.82,0.36,31.0,61.0,0,0,6597.71450918774,3.20550474112603,78.35759735
2026-09-06,South_Africa,Fashion_Beauty,73.4,3.710000000000008,7.980000000000004,69.69,73.96,68.19,-4.269999999999996,-4.269999999999996,-4.730000000000004,0.4600000000000079,72.6325,4.720511095209881,24.0,0.09,3.81,3.72,7.53,25.01,0.58,19.0,52.5,0,0,6597.71450918774,3.20550474112603,78.35759735
2026-09-13,South_Africa,Fashion_Beauty,71.74,-1.6600000000000108,-5.370000000000019,73.4,69.69,78.69,3.710000000000008,3.710000000000008,-4.269999999999996,7.980000000000004,73.935,3.693097164530906,1.0,3.68,4.9,1.23,6.13,32.62,1.23,1.0,43.0,0,0,6597.71450918774,3.20550474112603,78.35759735
2026-08-23,South_Africa,Fitness_Wearables,72.88,-2.469999999999999,-3.3699999999999903,75.35,74.45,76.18,0.8999999999999915,0.8999999999999915,0.2800000000000011,0.6199999999999903,75.03750000000001,0.9129941584336746,31.0,-7.0,1.77,8.77,10.55,21.02,0.15,31.0,0.0,0,0,6597.71450918774,3.20550474112603,78.35759735
2026-08-30,South_Africa,Fitness_Wearables,71.29,-1.5899999999999892,0.8800000000000097,72.88,75.35,74.17,-2.469999999999999,-2.469999999999999,0.8999999999999915,-3.3699999999999903,74.2125,1.0210574583901173,112.0,-5.03,2.95,7.98,10.92,20.87,0.4,91.0,31.0,0,0,6597.71450918774,3.20550474112603,78.35759735
2026-08-23,South_Africa,Nutrition_Diets,59.53,2.1300000000000026,1.8800000000000023,57.4,57.15,62.88,0.25,0.25,-1.6700000000000017,1.9200000000000017,59.0625,2.649130360452063,243.0,-0.17,4.05,4.22,8.27,25.29,0.53,112.0,0.0,0,0,6597.71450918774,3.20550474112603,78.35759735
2026-08-30,South_Africa,Nutrition_Diets,60.18,0.6499999999999986,-1.480000000000004,59.53,57.4,58.82,2.1300000000000026,2.1300000000000026,0.25,1.8800000000000023,58.225,1.1391956226517803,260.0,-0.09,4.15,4.24,8.38,25.6,0.4,118.0,243.0,0,0,6597.71450918774,3.20550474112603,78.35759735
2026-09-06,South_Africa,Nutrition_Diets,61.35,1.1700000000000017,0.5200000000000031,60.18,59.53,57.15,0.6499999999999986,0.6499999999999986,2.1300000000000026,-1.480000000000004,58.565,1.5164541975726122,270.0,-0.16,3.88,4.04,7.92,25.39,0.39,127.0,251.5,0,0,6597.71450918774,3.20550474112603,78.35759735
2026-09-13,South_Africa,Nutrition_Diets,59.96,-1.3900000000000006,-2.5600000000000023,61.35,60.18,57.4,1.1700000000000017,1.1700000000000017,0.6499999999999986,0.5200000000000031,59.615,1.6575986647362635,23.0,-0.2,4.39,4.59,8.98,26.07,0.5,16.0,257.6666666666667,0,0,6597.71450918774,3.20550474112603,78.35759735
2026-09-13,United_Kingdom,Fashion_Beauty,59.28,-13.75,-21.55,73.03,65.23,60.49,7.799999999999997,7.799999999999997,5.790000000000006,2.009999999999991,64.54750000000001,6.190543191029243,0.0,-0.2,4.39,4.59,8.98,26.07,0.5,0.0,9.333333333333334,0,0,57601.9621201954,3.88306881626,95.4720993
2026-08-23,Australia,Fitness_Wearables,88.39,1.3400000000000034,-0.9199999999999876,87.05,84.79,87.36,2.259999999999991,2.259999999999991,-1.1199999999999903,3.379999999999981,86.2775,1.17136316600144,0.0,-0.2,4.39,4.59,8.98,26.07,0.5,0.0,5.0,0,0,65129.7227990563,2.87403791660173,96.13140106
2026-08-23,Singapore,Fitness_Wearables,76.02,-6.77000000000001,-24.54000000000002,82.79,65.02,55.69,17.77000000000001,17.77000000000001,5.319999999999993,12.450000000000015,65.8,11.953947744016002,0.0,-0.2,4.39,4.59,8.98,26.07,0.5,0.0,2.5,0,0,98813.9788172877,0.902998495002676,94.37757178
2026-08-23,United_Arab_Emirates,Fitness_Wearables,85.51,-0.9299999999999926,1.8400000000000036,86.44,89.21,94.31,-2.769999999999996,-2.769999999999996,1.1999999999999886,-3.9699999999999847,89.49249999999999,3.406057104630497,0.0,-0.2,4.39,4.59,8.98,26.07,0.5,0.0,2.5,1,1,50273.5126243239,1.250865245598,100.0
2026-08-23,United_Kingdom,Fitness_Wearables,84.99,-1.4500000000000028,1.0100000000000051,86.44,88.9,84.49,-2.460000000000008,-2.460000000000008,0.9100000000000108,-3.3700000000000188,86.95499999999998,1.9318126203134964,0.0,-0.2,4.39,4.59,8.98,26.07,0.5,0.0,0.0,0,0,57601.9621201954,3.88306881626,95.4720993
2026-08-30,United_Kingdom,Fitness_Wearables,87.95,2.960000000000008,4.410000000000011,84.99,86.44,87.99,-1.4500000000000028,-1.4500000000000028,-2.460000000000008,1.0100000000000051,87.08,1.7241616320217354,0.0,-0.2,4.39,4.59,8.98,26.07,0.5,0.0,0.0,0,0,57601.9621201954,3.88306881626,95.4720993
2026-09-06,South_Africa,Fitness_Wearables,75.56,4.269999999999996,5.859999999999985,71.29,72.88,74.45,-1.5899999999999892,-1.5899999999999892,-2.469999999999999,0.8800000000000097,73.4925,1.7882277073499742,0.0,-0.2,4.39,4.59,8.98,26.07,0.5,0.0,71.5,0,0,6597.71450918774,3.20550474112603,78.35759735
2026-09-06,United_Kingdom,Fitness_Wearables,94.53,6.579999999999998,3.6199999999999903,87.95,84.99,88.9,2.960000000000008,2.960000000000008,-1.4500000000000028,4.410000000000011,87.07,1.7172264459497435,0.0,-0.2,4.39,4.59,8.98,26.07,0.5,0.0,0.0,0,0,57601.9621201954,3.88306881626,95.4720993
2026-09-13,Australia,Fitness_Wearables,85.22,-0.5300000000000011,1.2199999999999989,85.75,87.5,87.05,-1.75,-1.75,-0.8900000000000006,-0.8599999999999994,87.1725,1.0997082946543155,0.0,-0.2,4.39,4.59,8.98,26.07,0.5,0.0,3.333333333333333,0,0,65129.7227990563,2.87403791660173,96.13140106
2026-09-13,Brazil,Fitness_Wearables,72.79,-15.299999999999995,-37.67,88.09,65.72,77.18,22.370000000000005,22.370000000000005,-1.3499999999999943,23.72,74.515,10.394917027085889,0.0,-0.2,4.39,4.59,8.98,26.07,0.5,0.0,13.0,0,0,10713.2856869511,5.01675279604836,84.46347227
2026-09-13,Canada,Fitness_Wearables,80.24,4.469999999999999,4.390000000000001,75.77,75.69,76.44,0.0799999999999983,0.0799999999999983,2.5,-2.4200000000000017,75.27250000000001,1.428481128098147,0.0,-0.2,4.39,4.59,8.98,26.07,0.5,0.0,7.0,0,0,55697.6639660837,2.07232411149103,94.353302
2026-09-13,Nigeria,Fitness_Wearables,87.42,13.700000000000005,13.460000000000008,73.72,73.48,77.48,0.2399999999999948,0.2399999999999948,-0.4699999999999988,0.7099999999999937,74.6575,1.89142582901581,0.0,-0.2,4.39,4.59,8.98,26.07,0.5,0.0,5.333333333333333,0,0,1224.25410237743,23.0101235833333,41.21139908
2026-09-13,Singapore,Fitness_Wearables,83.39,18.070000000000007,28.450000000000017,65.32,75.7,82.79,-10.38000000000001,-10.38000000000001,-0.3199999999999932,-10.060000000000016,74.9575,7.209014611350576,0.0,-0.2,4.39,4.59,8.98,26.07,0.5,0.0,1.6666666666666667,0,0,98813.9788172877,0.902998495002676,94.37757178
2026-09-13,South_Africa,Fitness_Wearables,77.6,2.039999999999992,-2.230000000000004,75.56,71.29,75.35,4.269999999999996,4.269999999999996,-1.5899999999999892,5.859999999999985,73.77000000000001,2.0528841500031407,0.0,-0.2,4.39,4.59,8.98,26.07,0.5,0.0,47.66666666666666,0,0,6597.71450918774,3.20550474112603,78.35759735
2026-09-13,United_Arab_Emirates,Fitness_Wearables,92.3,-3.1000000000000085,-18.25000000000001,95.4,80.25,86.44,15.150000000000006,15.150000000000006,-5.260000000000005,20.41000000000001,86.9,6.287983248493646,0.0,-0.2,4.39,4.59,8.98,26.07,0.5,0.0,1.6666666666666667,0,0,50273.5126243239,1.250865245598,100.0
2026-09-13,United_Kingdom,Fitness_Wearables,85.35,-9.180000000000009,-15.760000000000003,94.53,87.95,86.44,6.579999999999998,6.579999999999998,2.960000000000008,3.6199999999999903,88.4775,4.212088753417885,0.0,-0.2,4.39,4.59,8.98,26.07,0.5,0.0,0.0,0,0,57601.9621201954,3.88306881626,95.4720993
